run,checkpoint,case_id,query_count,Kq_min,Kq_max,Kq_mean,Kq_q10,Kq_q90,Kq_histogram
Run 1501,/home/wanglz/Desktop/src/ModularDT/HONF_Proj/Trained_Results/ThermalChannel/HONF_Forward_Runs/Run_1501_20260922_211056_sparse_incidence_adaptive_honf/best_by_field_mse_model.pt,0273,8192,2,7,3.56201171875,2.0,5.0,"{""2"": 1005, ""3"": 2774, ""4"": 3282, ""5"": 1068, ""6"": 61, ""7"": 2}"
Run 1501,/home/wanglz/Desktop/src/ModularDT/HONF_Proj/Trained_Results/ThermalChannel/HONF_Forward_Runs/Run_1501_20260922_211056_sparse_incidence_adaptive_honf/best_by_field_mse_model.pt,0274,8192,2,6,3.43359375,2.0,5.0,"{""2"": 989, ""3"": 3637, ""4"": 2665, ""5"": 827, ""6"": 74}"
Run 1501,/home/wanglz/Desktop/src/ModularDT/HONF_Proj/Trained_Results/ThermalChannel/HONF_Forward_Runs/Run_1501_20260922_211056_sparse_incidence_adaptive_honf/best_by_field_mse_model.pt,0275,8192,1,7,3.7164306640625,3.0,5.0,"{""1"": 161, ""2"": 535, ""3"": 3032, ""4"": 2716, ""5"": 1242, ""6"": 498, ""7"": 8}"
Run 1501,/home/wanglz/Desktop/src/ModularDT/HONF_Proj/Trained_Results/ThermalChannel/HONF_Forward_Runs/Run_1501_20260922_211056_sparse_incidence_adaptive_honf/best_by_field_mse_model.pt,0276,8192,2,6,3.465576171875,3.0,5.0,"{""2"": 626, ""3"": 4152, ""4"": 2525, ""5"": 752, ""6"": 137}"
Run 1501,/home/wanglz/Desktop/src/ModularDT/HONF_Proj/Trained_Results/ThermalChannel/HONF_Forward_Runs/Run_1501_20260922_211056_sparse_incidence_adaptive_honf/best_by_field_mse_model.pt,0277,8192,2,7,3.6708984375,3.0,5.0,"{""2"": 791, ""3"": 2586, ""4"": 3396, ""5"": 1370, ""6"": 45, ""7"": 4}"
Run 1501,/home/wanglz/Desktop/src/ModularDT/HONF_Proj/Trained_Results/ThermalChannel/HONF_Forward_Runs/Run_1501_20260922_211056_sparse_incidence_adaptive_honf/best_by_field_mse_model.pt,0278,8192,2,6,3.3408203125,2.0,4.0,"{""2"": 1176, ""3"": 3782, ""4"": 2563, ""5"": 608, ""6"": 63}"
Run 1501,/home/wanglz/Desktop/src/ModularDT/HONF_Proj/Trained_Results/ThermalChannel/HONF_Forward_Runs/Run_1501_20260922_211056_sparse_incidence_adaptive_honf/best_by_field_mse_model.pt,0279,8192,2,6,3.636962890625,3.0,4.0,"{""2"": 215, ""3"": 3493, ""4"": 3667, ""5"": 685, ""6"": 132}"
Run 1501,/home/wanglz/Desktop/src/ModularDT/HONF_Proj/Trained_Results/ThermalChannel/HONF_Forward_Runs/Run_1501_20260922_211056_sparse_incidence_adaptive_honf/best_by_field_mse_model.pt,0280,8192,1,6,3.2423095703125,2.0,4.0,"{""1"": 74, ""2"": 1854, ""3"": 3046, ""4"": 2491, ""5"": 685, ""6"": 42}"
Run 1501,/home/wanglz/Desktop/src/ModularDT/HONF_Proj/Trained_Results/ThermalChannel/HONF_Forward_Runs/Run_1501_20260922_211056_sparse_incidence_adaptive_honf/best_by_field_mse_model.pt,0281,8192,2,6,3.1429443359375,2.0,4.0,"{""2"": 2137, ""3"": 3290, ""4"": 2224, ""5"": 539, ""6"": 2}"
Run 1501,/home/wanglz/Desktop/src/ModularDT/HONF_Proj/Trained_Results/ThermalChannel/HONF_Forward_Runs/Run_1501_20260922_211056_sparse_incidence_adaptive_honf/best_by_field_mse_model.pt,0282,8192,2,7,3.5791015625,3.0,5.0,"{""2"": 521, ""3"": 3660, ""4"": 3036, ""5"": 715, ""6"": 241, ""7"": 19}"
Run 1501,/home/wanglz/Desktop/src/ModularDT/HONF_Proj/Trained_Results/ThermalChannel/HONF_Forward_Runs/Run_1501_20260922_211056_sparse_incidence_adaptive_honf/best_by_field_mse_model.pt,0283,8192,2,6,3.4534912109375,2.0,4.0,"{""2"": 879, ""3"": 3681, ""4"": 2819, ""5"": 664, ""6"": 149}"
Run 1501,/home/wanglz/Desktop/src/ModularDT/HONF_Proj/Trained_Results/ThermalChannel/HONF_Forward_Runs/Run_1501_20260922_211056_sparse_incidence_adaptive_honf/best_by_field_mse_model.pt,0284,8192,2,7,3.4564208984375,3.0,4.0,"{""2"": 324, ""3"": 4565, ""4"": 2615, ""5"": 618, ""6"": 68, ""7"": 2}"
Run 1501,/home/wanglz/Desktop/src/ModularDT/HONF_Proj/Trained_Results/ThermalChannel/HONF_Forward_Runs/Run_1501_20260922_211056_sparse_incidence_adaptive_honf/best_by_field_mse_model.pt,0285,8192,2,6,3.3701171875,3.0,4.0,"{""2"": 430, ""3"": 4874, ""4"": 2396, ""5"": 410, ""6"": 82}"
Run 1501,/home/wanglz/Desktop/src/ModularDT/HONF_Proj/Trained_Results/ThermalChannel/HONF_Forward_Runs/Run_1501_20260922_211056_sparse_incidence_adaptive_honf/best_by_field_mse_model.pt,0286,8192,1,6,3.237548828125,2.0,4.0,"{""1"": 319, ""2"": 1279, ""3"": 3416, ""4"": 2575, ""5"": 521, ""6"": 82}"
Run 1501,/home/wanglz/Desktop/src/ModularDT/HONF_Proj/Trained_Results/ThermalChannel/HONF_Forward_Runs/Run_1501_20260922_211056_sparse_incidence_adaptive_honf/best_by_field_mse_model.pt,0287,8192,1,6,3.3363037109375,2.0,4.0,"{""1"": 87, ""2"": 1091, ""3"": 3635, ""4"": 2822, ""5"": 473, ""6"": 84}"
Run 1501,/home/wanglz/Desktop/src/ModularDT/HONF_Proj/Trained_Results/ThermalChannel/HONF_Forward_Runs/Run_1501_20260922_211056_sparse_incidence_adaptive_honf/best_by_field_mse_model.pt,0288,8192,2,6,3.2913818359375,2.0,4.0,"{""2"": 1034, ""3"": 4346, ""4"": 2280, ""5"": 455, ""6"": 77}"
Run 1501,/home/wanglz/Desktop/src/ModularDT/HONF_Proj/Trained_Results/ThermalChannel/HONF_Forward_Runs/Run_1501_20260922_211056_sparse_incidence_adaptive_honf/best_by_field_mse_model.pt,0289,8192,2,6,3.5115966796875,3.0,4.0,"{""2"": 122, ""3"": 4479, ""4"": 2939, ""5"": 582, ""6"": 70}"
Run 1501,/home/wanglz/Desktop/src/ModularDT/HONF_Proj/Trained_Results/ThermalChannel/HONF_Forward_Runs/Run_1501_20260922_211056_sparse_incidence_adaptive_honf/best_by_field_mse_model.pt,0290,8192,2,6,3.196044921875,2.0,4.0,"{""2"": 1208, ""3"": 4519, ""4"": 2122, ""5"": 337, ""6"": 6}"
Run 1501,/home/wanglz/Desktop/src/ModularDT/HONF_Proj/Trained_Results/ThermalChannel/HONF_Forward_Runs/Run_1501_20260922_211056_sparse_incidence_adaptive_honf/best_by_field_mse_model.pt,0291,8192,2,6,3.38330078125,3.0,4.0,"{""2"": 708, ""3"": 4185, ""4"": 2818, ""5"": 413, ""6"": 68}"
Run 1501,/home/wanglz/Desktop/src/ModularDT/HONF_Proj/Trained_Results/ThermalChannel/HONF_Forward_Runs/Run_1501_20260922_211056_sparse_incidence_adaptive_honf/best_by_field_mse_model.pt,0292,8192,2,6,3.4661865234375,2.0,5.0,"{""2"": 1017, ""3"": 3290, ""4"": 2967, ""5"": 885, ""6"": 33}"
Run 1501,/home/wanglz/Desktop/src/ModularDT/HONF_Proj/Trained_Results/ThermalChannel/HONF_Forward_Runs/Run_1501_20260922_211056_sparse_incidence_adaptive_honf/best_by_field_mse_model.pt,0293,8192,2,6,3.276611328125,2.0,4.0,"{""2"": 1250, ""3"": 3869, ""4"": 2637, ""5"": 429, ""6"": 7}"
Run 1501,/home/wanglz/Desktop/src/ModularDT/HONF_Proj/Trained_Results/ThermalChannel/HONF_Forward_Runs/Run_1501_20260922_211056_sparse_incidence_adaptive_honf/best_by_field_mse_model.pt,0294,8192,2,6,3.1201171875,2.0,4.0,"{""2"": 1752, ""3"": 4160, ""4"": 1904, ""5"": 296, ""6"": 80}"
Run 1501,/home/wanglz/Desktop/src/ModularDT/HONF_Proj/Trained_Results/ThermalChannel/HONF_Forward_Runs/Run_1501_20260922_211056_sparse_incidence_adaptive_honf/best_by_field_mse_model.pt,0295,8192,2,8,3.3756103515625,2.0,4.0,"{""2"": 1008, ""3"": 3776, ""4"": 2902, ""5"": 381, ""6"": 87, ""7"": 30, ""8"": 8}"
Run 1501,/home/wanglz/Desktop/src/ModularDT/HONF_Proj/Trained_Results/ThermalChannel/HONF_Forward_Runs/Run_1501_20260922_211056_sparse_incidence_adaptive_honf/best_by_field_mse_model.pt,0296,8192,2,6,3.0906982421875,2.0,4.0,"{""2"": 1828, ""3"": 4188, ""4"": 1849, ""5"": 259, ""6"": 68}"
Run 1501,/home/wanglz/Desktop/src/ModularDT/HONF_Proj/Trained_Results/ThermalChannel/HONF_Forward_Runs/Run_1501_20260922_211056_sparse_incidence_adaptive_honf/best_by_field_mse_model.pt,0297,8192,2,6,3.1915283203125,2.0,4.0,"{""2"": 1421, ""3"": 4113, ""4"": 2354, ""5"": 276, ""6"": 28}"
Run 1501,/home/wanglz/Desktop/src/ModularDT/HONF_Proj/Trained_Results/ThermalChannel/HONF_Forward_Runs/Run_1501_20260922_211056_sparse_incidence_adaptive_honf/best_by_field_mse_model.pt,0298,8192,2,6,3.140869140625,2.0,4.0,"{""2"": 1670, ""3"": 4008, ""4"": 2238, ""5"": 242, ""6"": 34}"
Run 1501,/home/wanglz/Desktop/src/ModularDT/HONF_Proj/Trained_Results/ThermalChannel/HONF_Forward_Runs/Run_1501_20260922_211056_sparse_incidence_adaptive_honf/best_by_field_mse_model.pt,0299,8192,2,6,3.2125244140625,2.0,4.0,"{""2"": 1237, ""3"": 4416, ""4"": 2133, ""5"": 373, ""6"": 33}"
Run 1501,/home/wanglz/Desktop/src/ModularDT/HONF_Proj/Trained_Results/ThermalChannel/HONF_Forward_Runs/Run_1501_20260922_211056_sparse_incidence_adaptive_honf/best_by_field_mse_model.pt,0300,8192,2,6,3.2965087890625,2.0,4.0,"{""2"": 1159, ""3"": 3962, ""4"": 2576, ""5"": 473, ""6"": 22}"
Run 1501,/home/wanglz/Desktop/src/ModularDT/HONF_Proj/Trained_Results/ThermalChannel/HONF_Forward_Runs/Run_1501_20260922_211056_sparse_incidence_adaptive_honf/best_by_field_mse_model.pt,0301,8192,2,6,3.431640625,3.0,4.0,"{""2"": 249, ""3"": 4775, ""4"": 2597, ""5"": 525, ""6"": 46}"
Run 1501,/home/wanglz/Desktop/src/ModularDT/HONF_Proj/Trained_Results/ThermalChannel/HONF_Forward_Runs/Run_1501_20260922_211056_sparse_incidence_adaptive_honf/best_by_field_mse_model.pt,0302,8192,2,6,3.1456298828125,2.0,4.0,"{""2"": 1568, ""3"": 4313, ""4"": 1923, ""5"": 326, ""6"": 62}"
Run 1501,/home/wanglz/Desktop/src/ModularDT/HONF_Proj/Trained_Results/ThermalChannel/HONF_Forward_Runs/Run_1501_20260922_211056_sparse_incidence_adaptive_honf/best_by_field_mse_model.pt,0633,8192,2,6,3.5482177734375,2.0,5.0,"{""2"": 848, ""3"": 3141, ""4"": 3122, ""5"": 1026, ""6"": 55}"
Run 1501,/home/wanglz/Desktop/src/ModularDT/HONF_Proj/Trained_Results/ThermalChannel/HONF_Forward_Runs/Run_1501_20260922_211056_sparse_incidence_adaptive_honf/best_by_field_mse_model.pt,0634,8192,2,6,3.4307861328125,2.0,5.0,"{""2"": 940, ""3"": 3696, ""4"": 2722, ""5"": 755, ""6"": 79}"
Run 1501,/home/wanglz/Desktop/src/ModularDT/HONF_Proj/Trained_Results/ThermalChannel/HONF_Forward_Runs/Run_1501_20260922_211056_sparse_incidence_adaptive_honf/best_by_field_mse_model.pt,0635,8192,1,7,3.704833984375,3.0,5.0,"{""1"": 177, ""2"": 541, ""3"": 2974, ""4"": 2797, ""5"": 1241, ""6"": 458, ""7"": 4}"
Run 1501,/home/wanglz/Desktop/src/ModularDT/HONF_Proj/Trained_Results/ThermalChannel/HONF_Forward_Runs/Run_1501_20260922_211056_sparse_incidence_adaptive_honf/best_by_field_mse_model.pt,0636,8192,2,6,3.4476318359375,3.0,5.0,"{""2"": 678, ""3"": 4193, ""4"": 2430, ""5"": 758, ""6"": 133}"
Run 1501,/home/wanglz/Desktop/src/ModularDT/HONF_Proj/Trained_Results/ThermalChannel/HONF_Forward_Runs/Run_1501_20260922_211056_sparse_incidence_adaptive_honf/best_by_field_mse_model.pt,0637,8192,2,7,3.6968994140625,3.0,5.0,"{""2"": 807, ""3"": 2381, ""4"": 3542, ""5"": 1414, ""6"": 46, ""7"": 2}"
Run 1501,/home/wanglz/Desktop/src/ModularDT/HONF_Proj/Trained_Results/ThermalChannel/HONF_Forward_Runs/Run_1501_20260922_211056_sparse_incidence_adaptive_honf/best_by_field_mse_model.pt,0638,8192,2,6,3.3427734375,2.0,4.0,"{""2"": 1128, ""3"": 3861, ""4"": 2536, ""5"": 601, ""6"": 66}"
Run 1501,/home/wanglz/Desktop/src/ModularDT/HONF_Proj/Trained_Results/ThermalChannel/HONF_Forward_Runs/Run_1501_20260922_211056_sparse_incidence_adaptive_honf/best_by_field_mse_model.pt,0639,8192,2,6,3.6239013671875,3.0,5.0,"{""2"": 254, ""3"": 3574, ""4"": 3482, ""5"": 763, ""6"": 119}"
Run 1501,/home/wanglz/Desktop/src/ModularDT/HONF_Proj/Trained_Results/ThermalChannel/HONF_Forward_Runs/Run_1501_20260922_211056_sparse_incidence_adaptive_honf/best_by_field_mse_model.pt,0640,8192,1,6,3.27880859375,2.0,5.0,"{""1"": 73, ""2"": 1783, ""3"": 3036, ""4"": 2436, ""5"": 815, ""6"": 49}"
Run 1501,/home/wanglz/Desktop/src/ModularDT/HONF_Proj/Trained_Results/ThermalChannel/HONF_Forward_Runs/Run_1501_20260922_211056_sparse_incidence_adaptive_honf/best_by_field_mse_model.pt,0641,8192,2,6,3.2088623046875,2.0,4.0,"{""2"": 1967, ""3"": 3214, ""4"": 2353, ""5"": 649, ""6"": 9}"
Run 1501,/home/wanglz/Desktop/src/ModularDT/HONF_Proj/Trained_Results/ThermalChannel/HONF_Forward_Runs/Run_1501_20260922_211056_sparse_incidence_adaptive_honf/best_by_field_mse_model.pt,0642,8192,2,7,3.6134033203125,3.0,5.0,"{""2"": 247, ""3"": 3885, ""4"": 3134, ""5"": 662, ""6"": 242, ""7"": 22}"
Run 1501,/home/wanglz/Desktop/src/ModularDT/HONF_Proj/Trained_Results/ThermalChannel/HONF_Forward_Runs/Run_1501_20260922_211056_sparse_incidence_adaptive_honf/best_by_field_mse_model.pt,0643,8192,2,8,3.676025390625,3.0,5.0,"{""2"": 484, ""3"": 3112, ""4"": 3404, ""5"": 991, ""6"": 169, ""7"": 31, ""8"": 1}"
Run 1501,/home/wanglz/Desktop/src/ModularDT/HONF_Proj/Trained_Results/ThermalChannel/HONF_Forward_Runs/Run_1501_20260922_211056_sparse_incidence_adaptive_honf/best_by_field_mse_model.pt,0644,8192,1,6,3.5198974609375,2.0,5.0,"{""1"": 591, ""2"": 827, ""3"": 2101, ""4"": 3291, ""5"": 1169, ""6"": 213}"
Run 1501,/home/wanglz/Desktop/src/ModularDT/HONF_Proj/Trained_Results/ThermalChannel/HONF_Forward_Runs/Run_1501_20260922_211056_sparse_incidence_adaptive_honf/best_by_field_mse_model.pt,0645,8192,1,6,3.3369140625,2.0,4.0,"{""1"": 181, ""2"": 857, ""3"": 3989, ""4"": 2386, ""5"": 744, ""6"": 35}"
Run 1501,/home/wanglz/Desktop/src/ModularDT/HONF_Proj/Trained_Results/ThermalChannel/HONF_Forward_Runs/Run_1501_20260922_211056_sparse_incidence_adaptive_honf/best_by_field_mse_model.pt,0646,8192,2,7,3.3314208984375,2.0,4.0,"{""2"": 1669, ""3"": 3022, ""4"": 2807, ""5"": 506, ""6"": 187, ""7"": 1}"
Run 1501,/home/wanglz/Desktop/src/ModularDT/HONF_Proj/Trained_Results/ThermalChannel/HONF_Forward_Runs/Run_1501_20260922_211056_sparse_incidence_adaptive_honf/best_by_field_mse_model.pt,0647,8192,2,6,3.71240234375,3.0,5.0,"{""2"": 10, ""3"": 3418, ""4"": 3749, ""5"": 948, ""6"": 67}"
Run 1501,/home/wanglz/Desktop/src/ModularDT/HONF_Proj/Trained_Results/ThermalChannel/HONF_Forward_Runs/Run_1501_20260922_211056_sparse_incidence_adaptive_honf/best_by_field_mse_model.pt,0648,8192,2,6,3.31591796875,2.0,4.0,"{""2"": 1068, ""3"": 4125, ""4"": 2432, ""5"": 477, ""6"": 90}"
Run 1501,/home/wanglz/Desktop/src/ModularDT/HONF_Proj/Trained_Results/ThermalChannel/HONF_Forward_Runs/Run_1501_20260922_211056_sparse_incidence_adaptive_honf/best_by_field_mse_model.pt,0649,8192,2,6,3.5338134765625,3.0,4.0,"{""2"": 170, ""3"": 4209, ""4"": 3170, ""5"": 556, ""6"": 87}"
Run 1501,/home/wanglz/Desktop/src/ModularDT/HONF_Proj/Trained_Results/ThermalChannel/HONF_Forward_Runs/Run_1501_20260922_211056_sparse_incidence_adaptive_honf/best_by_field_mse_model.pt,0650,8192,2,6,3.2384033203125,2.0,4.0,"{""2"": 1171, ""3"": 4329, ""4"": 2268, ""5"": 416, ""6"": 8}"
Run 1501,/home/wanglz/Desktop/src/ModularDT/HONF_Proj/Trained_Results/ThermalChannel/HONF_Forward_Runs/Run_1501_20260922_211056_sparse_incidence_adaptive_honf/best_by_field_mse_model.pt,0651,8192,2,6,3.37548828125,3.0,4.0,"{""2"": 773, ""3"": 4221, ""4"": 2657, ""5"": 431, ""6"": 110}"
Run 1501,/home/wanglz/Desktop/src/ModularDT/HONF_Proj/Trained_Results/ThermalChannel/HONF_Forward_Runs/Run_1501_20260922_211056_sparse_incidence_adaptive_honf/best_by_field_mse_model.pt,0652,8192,2,6,3.5035400390625,2.0,5.0,"{""2"": 880, ""3"": 3333, ""4"": 3008, ""5"": 916, ""6"": 55}"
Run 1501,/home/wanglz/Desktop/src/ModularDT/HONF_Proj/Trained_Results/ThermalChannel/HONF_Forward_Runs/Run_1501_20260922_211056_sparse_incidence_adaptive_honf/best_by_field_mse_model.pt,0653,8192,2,6,3.29931640625,2.0,4.0,"{""2"": 1018, ""3"": 4184, ""4"": 2525, ""5"": 450, ""6"": 15}"
Run 1501,/home/wanglz/Desktop/src/ModularDT/HONF_Proj/Trained_Results/ThermalChannel/HONF_Forward_Runs/Run_1501_20260922_211056_sparse_incidence_adaptive_honf/best_by_field_mse_model.pt,0654,8192,2,6,3.1298828125,2.0,4.0,"{""2"": 1691, ""3"": 4197, ""4"": 1878, ""5"": 401, ""6"": 25}"
Run 1501,/home/wanglz/Desktop/src/ModularDT/HONF_Proj/Trained_Results/ThermalChannel/HONF_Forward_Runs/Run_1501_20260922_211056_sparse_incidence_adaptive_honf/best_by_field_mse_model.pt,0655,8192,2,6,3.3858642578125,2.0,4.0,"{""2"": 977, ""3"": 3827, ""4"": 2703, ""5"": 620, ""6"": 65}"
Run 1501,/home/wanglz/Desktop/src/ModularDT/HONF_Proj/Trained_Results/ThermalChannel/HONF_Forward_Runs/Run_1501_20260922_211056_sparse_incidence_adaptive_honf/best_by_field_mse_model.pt,0656,8192,2,6,3.1241455078125,2.0,4.0,"{""2"": 1761, ""3"": 4056, ""4"": 2035, ""5"": 277, ""6"": 63}"
Run 1501,/home/wanglz/Desktop/src/ModularDT/HONF_Proj/Trained_Results/ThermalChannel/HONF_Forward_Runs/Run_1501_20260922_211056_sparse_incidence_adaptive_honf/best_by_field_mse_model.pt,0657,8192,2,6,3.177734375,2.0,4.0,"{""2"": 1535, ""3"": 4008, ""4"": 2330, ""5"": 296, ""6"": 23}"
Run 1501,/home/wanglz/Desktop/src/ModularDT/HONF_Proj/Trained_Results/ThermalChannel/HONF_Forward_Runs/Run_1501_20260922_211056_sparse_incidence_adaptive_honf/best_by_field_mse_model.pt,0658,8192,2,6,3.20458984375,2.0,4.0,"{""2"": 1488, ""3"": 3891, ""4"": 2500, ""5"": 275, ""6"": 38}"
Run 1501,/home/wanglz/Desktop/src/ModularDT/HONF_Proj/Trained_Results/ThermalChannel/HONF_Forward_Runs/Run_1501_20260922_211056_sparse_incidence_adaptive_honf/best_by_field_mse_model.pt,0659,8192,2,6,3.5404052734375,3.0,5.0,"{""2"": 604, ""3"": 3684, ""4"": 2883, ""5"": 915, ""6"": 106}"
Run 1501,/home/wanglz/Desktop/src/ModularDT/HONF_Proj/Trained_Results/ThermalChannel/HONF_Forward_Runs/Run_1501_20260922_211056_sparse_incidence_adaptive_honf/best_by_field_mse_model.pt,0660,8192,2,6,3.246826171875,2.0,4.0,"{""2"": 1810, ""3"": 3188, ""4"": 2644, ""5"": 462, ""6"": 88}"
Run 1501,/home/wanglz/Desktop/src/ModularDT/HONF_Proj/Trained_Results/ThermalChannel/HONF_Forward_Runs/Run_1501_20260922_211056_sparse_incidence_adaptive_honf/best_by_field_mse_model.pt,0661,8192,3,6,3.575927734375,3.0,4.0,"{""3"": 4261, ""4"": 3256, ""5"": 563, ""6"": 112}"
Run 1501,/home/wanglz/Desktop/src/ModularDT/HONF_Proj/Trained_Results/ThermalChannel/HONF_Forward_Runs/Run_1501_20260922_211056_sparse_incidence_adaptive_honf/best_by_field_mse_model.pt,0662,8192,2,6,3.4078369140625,3.0,4.0,"{""2"": 286, ""3"": 4866, ""4"": 2541, ""5"": 411, ""6"": 88}"
Run 1501,/home/wanglz/Desktop/src/ModularDT/HONF_Proj/Trained_Results/ThermalChannel/HONF_Forward_Runs/Run_1501_20260922_211056_sparse_incidence_adaptive_honf/best_by_field_mse_model.pt,0663,8192,2,6,3.1962890625,2.0,4.0,"{""2"": 1446, ""3"": 4088, ""4"": 2295, ""5"": 330, ""6"": 33}"
Run 1501,/home/wanglz/Desktop/src/ModularDT/HONF_Proj/Trained_Results/ThermalChannel/HONF_Forward_Runs/Run_1501_20260922_211056_sparse_incidence_adaptive_honf/best_by_field_mse_model.pt,0664,8192,2,6,3.2254638671875,2.0,4.0,"{""2"": 1164, ""3"": 4648, ""4"": 1799, ""5"": 531, ""6"": 50}"
Run 1501,/home/wanglz/Desktop/src/ModularDT/HONF_Proj/Trained_Results/ThermalChannel/HONF_Forward_Runs/Run_1501_20260922_211056_sparse_incidence_adaptive_honf/best_by_field_mse_model.pt,0665,8192,2,6,3.052978515625,2.0,4.0,"{""2"": 1902, ""3"": 4193, ""4"": 1901, ""5"": 153, ""6"": 43}"
Run 1501,/home/wanglz/Desktop/src/ModularDT/HONF_Proj/Trained_Results/ThermalChannel/HONF_Forward_Runs/Run_1501_20260922_211056_sparse_incidence_adaptive_honf/best_by_field_mse_model.pt,0666,8192,2,6,3.2823486328125,2.0,4.0,"{""2"": 1193, ""3"": 3958, ""4"": 2600, ""5"": 417, ""6"": 24}"
Run 1501,/home/wanglz/Desktop/src/ModularDT/HONF_Proj/Trained_Results/ThermalChannel/HONF_Forward_Runs/Run_1501_20260922_211056_sparse_incidence_adaptive_honf/best_by_field_mse_model.pt,0667,8192,2,6,3.05419921875,2.0,4.0,"{""2"": 2190, ""3"": 3754, ""4"": 1930, ""5"": 250, ""6"": 68}"
Run 1501,/home/wanglz/Desktop/src/ModularDT/HONF_Proj/Trained_Results/ThermalChannel/HONF_Forward_Runs/Run_1501_20260922_211056_sparse_incidence_adaptive_honf/best_by_field_mse_model.pt,0668,8192,2,6,3.2279052734375,2.0,4.0,"{""2"": 1530, ""3"": 3612, ""4"": 2737, ""5"": 279, ""6"": 34}"
Run 1501,/home/wanglz/Desktop/src/ModularDT/HONF_Proj/Trained_Results/ThermalChannel/HONF_Forward_Runs/Run_1501_20260922_211056_sparse_incidence_adaptive_honf/best_by_field_mse_model.pt,0669,8192,2,6,3.26123046875,2.0,4.0,"{""2"": 1495, ""3"": 3548, ""4"": 2722, ""5"": 368, ""6"": 59}"
Run 1501,/home/wanglz/Desktop/src/ModularDT/HONF_Proj/Trained_Results/ThermalChannel/HONF_Forward_Runs/Run_1501_20260922_211056_sparse_incidence_adaptive_honf/best_by_field_mse_model.pt,0670,8192,2,6,3.3992919921875,3.0,4.0,"{""2"": 784, ""3"": 3941, ""4"": 2915, ""5"": 516, ""6"": 36}"
Run 1501,/home/wanglz/Desktop/src/ModularDT/HONF_Proj/Trained_Results/ThermalChannel/HONF_Forward_Runs/Run_1501_20260922_211056_sparse_incidence_adaptive_honf/best_by_field_mse_model.pt,0671,8192,2,6,3.249755859375,2.0,4.0,"{""2"": 844, ""3"": 4776, ""4"": 2298, ""5"": 230, ""6"": 44}"
Run 1501,/home/wanglz/Desktop/src/ModularDT/HONF_Proj/Trained_Results/ThermalChannel/HONF_Forward_Runs/Run_1501_20260922_211056_sparse_incidence_adaptive_honf/best_by_field_mse_model.pt,0672,8192,2,7,3.3583984375,3.0,4.0,"{""2"": 566, ""3"": 4543, ""4"": 2716, ""5"": 319, ""6"": 44, ""7"": 4}"
Run 1501,/home/wanglz/Desktop/src/ModularDT/HONF_Proj/Trained_Results/ThermalChannel/HONF_Forward_Runs/Run_1501_20260922_211056_sparse_incidence_adaptive_honf/best_by_field_mse_model.pt,0673,8192,2,5,3.077880859375,2.0,4.0,"{""2"": 2137, ""3"": 3546, ""4"": 2243, ""5"": 266}"
Run 1501,/home/wanglz/Desktop/src/ModularDT/HONF_Proj/Trained_Results/ThermalChannel/HONF_Forward_Runs/Run_1501_20260922_211056_sparse_incidence_adaptive_honf/best_by_field_mse_model.pt,0674,8192,2,6,3.1279296875,2.0,4.0,"{""2"": 1934, ""3"": 3621, ""4"": 2301, ""5"": 327, ""6"": 9}"
Run 1501,/home/wanglz/Desktop/src/ModularDT/HONF_Proj/Trained_Results/ThermalChannel/HONF_Forward_Runs/Run_1501_20260922_211056_sparse_incidence_adaptive_honf/best_by_field_mse_model.pt,0675,8192,2,6,3.2359619140625,2.0,4.0,"{""2"": 969, ""3"": 4926, ""4"": 1785, ""5"": 419, ""6"": 93}"
Run 1501,/home/wanglz/Desktop/src/ModularDT/HONF_Proj/Trained_Results/ThermalChannel/HONF_Forward_Runs/Run_1501_20260922_211056_sparse_incidence_adaptive_honf/best_by_field_mse_model.pt,0676,8192,2,6,3.182373046875,2.0,4.0,"{""2"": 1551, ""3"": 4158, ""4"": 2011, ""5"": 382, ""6"": 90}"
Run 1501,/home/wanglz/Desktop/src/ModularDT/HONF_Proj/Trained_Results/ThermalChannel/HONF_Forward_Runs/Run_1501_20260922_211056_sparse_incidence_adaptive_honf/best_by_field_mse_model.pt,0677,8192,2,6,3.209228515625,2.0,4.0,"{""2"": 1873, ""3"": 3229, ""4"": 2606, ""5"": 471, ""6"": 13}"
Run 1501,/home/wanglz/Desktop/src/ModularDT/HONF_Proj/Trained_Results/ThermalChannel/HONF_Forward_Runs/Run_1501_20260922_211056_sparse_incidence_adaptive_honf/best_by_field_mse_model.pt,0678,8192,1,6,3.1429443359375,2.0,4.0,"{""1"": 5, ""2"": 1341, ""3"": 4624, ""4"": 1972, ""5"": 200, ""6"": 50}"
Run 1501,/home/wanglz/Desktop/src/ModularDT/HONF_Proj/Trained_Results/ThermalChannel/HONF_Forward_Runs/Run_1501_20260922_211056_sparse_incidence_adaptive_honf/best_by_field_mse_model.pt,0679,8192,2,6,3.0791015625,2.0,4.0,"{""2"": 2122, ""3"": 3562, ""4"": 2274, ""5"": 206, ""6"": 28}"
Run 1501,/home/wanglz/Desktop/src/ModularDT/HONF_Proj/Trained_Results/ThermalChannel/HONF_Forward_Runs/Run_1501_20260922_211056_sparse_incidence_adaptive_honf/best_by_field_mse_model.pt,0680,8192,2,6,3.1072998046875,2.0,4.0,"{""2"": 1786, ""3"": 4126, ""4"": 1954, ""5"": 267, ""6"": 59}"
Run 1501,/home/wanglz/Desktop/src/ModularDT/HONF_Proj/Trained_Results/ThermalChannel/HONF_Forward_Runs/Run_1501_20260922_211056_sparse_incidence_adaptive_honf/best_by_field_mse_model.pt,0681,8192,1,6,3.0201416015625,2.0,4.0,"{""1"": 50, ""2"": 2208, ""3"": 3706, ""4"": 2000, ""5"": 211, ""6"": 17}"
Run 1501,/home/wanglz/Desktop/src/ModularDT/HONF_Proj/Trained_Results/ThermalChannel/HONF_Forward_Runs/Run_1501_20260922_211056_sparse_incidence_adaptive_honf/best_by_field_mse_model.pt,0682,8192,1,6,3.1158447265625,2.0,4.0,"{""1"": 40, ""2"": 1645, ""3"": 4179, ""4"": 2036, ""5"": 238, ""6"": 54}"
Run 1501,/home/wanglz/Desktop/src/ModularDT/HONF_Proj/Trained_Results/ThermalChannel/HONF_Forward_Runs/Run_1501_20260922_211056_sparse_incidence_adaptive_honf/best_by_field_mse_model.pt,0683,8192,2,6,3.0777587890625,2.0,4.0,"{""2"": 1880, ""3"": 4253, ""4"": 1682, ""5"": 296, ""6"": 81}"
Run 1501,/home/wanglz/Desktop/src/ModularDT/HONF_Proj/Trained_Results/ThermalChannel/HONF_Forward_Runs/Run_1501_20260922_211056_sparse_incidence_adaptive_honf/best_by_field_mse_model.pt,0684,8192,2,6,3.104248046875,2.0,4.0,"{""2"": 1785, ""3"": 4020, ""4"": 2165, ""5"": 192, ""6"": 30}"
Run 1501,/home/wanglz/Desktop/src/ModularDT/HONF_Proj/Trained_Results/ThermalChannel/HONF_Forward_Runs/Run_1501_20260922_211056_sparse_incidence_adaptive_honf/best_by_field_mse_model.pt,0685,8192,2,6,3.1611328125,2.0,4.0,"{""2"": 1309, ""3"": 4557, ""4"": 2061, ""5"": 227, ""6"": 38}"
Run 1501,/home/wanglz/Desktop/src/ModularDT/HONF_Proj/Trained_Results/ThermalChannel/HONF_Forward_Runs/Run_1501_20260922_211056_sparse_incidence_adaptive_honf/best_by_field_mse_model.pt,0686,8192,2,6,3.0960693359375,2.0,4.0,"{""2"": 1763, ""3"": 4142, ""4"": 2041, ""5"": 229, ""6"": 17}"
Run 1501,/home/wanglz/Desktop/src/ModularDT/HONF_Proj/Trained_Results/ThermalChannel/HONF_Forward_Runs/Run_1501_20260922_211056_sparse_incidence_adaptive_honf/best_by_field_mse_model.pt,0687,8192,2,6,3.1302490234375,2.0,4.0,"{""2"": 1522, ""3"": 4295, ""4"": 2180, ""5"": 176, ""6"": 19}"
Run 1501,/home/wanglz/Desktop/src/ModularDT/HONF_Proj/Trained_Results/ThermalChannel/HONF_Forward_Runs/Run_1501_20260922_211056_sparse_incidence_adaptive_honf/best_by_field_mse_model.pt,0688,8192,2,6,3.056396484375,2.0,4.0,"{""2"": 1903, ""3"": 4170, ""4"": 1886, ""5"": 220, ""6"": 13}"
Run 1501,/home/wanglz/Desktop/src/ModularDT/HONF_Proj/Trained_Results/ThermalChannel/HONF_Forward_Runs/Run_1501_20260922_211056_sparse_incidence_adaptive_honf/best_by_field_mse_model.pt,0689,8192,2,6,3.2086181640625,2.0,4.0,"{""2"": 949, ""3"": 4864, ""4"": 2107, ""5"": 265, ""6"": 7}"
Run 1501,/home/wanglz/Desktop/src/ModularDT/HONF_Proj/Trained_Results/ThermalChannel/HONF_Forward_Runs/Run_1501_20260922_211056_sparse_incidence_adaptive_honf/best_by_field_mse_model.pt,0690,8192,2,6,3.0999755859375,2.0,4.0,"{""2"": 1771, ""3"": 4088, ""4"": 2101, ""5"": 207, ""6"": 25}"
Run 1501,/home/wanglz/Desktop/src/ModularDT/HONF_Proj/Trained_Results/ThermalChannel/HONF_Forward_Runs/Run_1501_20260922_211056_sparse_incidence_adaptive_honf/best_by_field_mse_model.pt,0691,8192,2,6,3.16162109375,2.0,4.0,"{""2"": 1694, ""3"": 3798, ""4"": 2408, ""5"": 266, ""6"": 26}"
Run 1501,/home/wanglz/Desktop/src/ModularDT/HONF_Proj/Trained_Results/ThermalChannel/HONF_Forward_Runs/Run_1501_20260922_211056_sparse_incidence_adaptive_honf/best_by_field_mse_model.pt,0692,8192,2,6,3.13916015625,2.0,4.0,"{""2"": 1510, ""3"": 4350, ""4"": 2027, ""5"": 292, ""6"": 13}"
Run 1502,/home/wanglz/Desktop/src/ModularDT/HONF_Proj/Trained_Results/ThermalChannel/HONF_Forward_Runs/Run_1502_20260923_004751_sparse_incidence_environment_sparsemax/best_by_field_mse_model.pt,0273,8192,2,6,3.55322265625,3.0,5.0,"{""2"": 530, ""3"": 3953, ""4"": 2454, ""5"": 1157, ""6"": 98}"
Run 1502,/home/wanglz/Desktop/src/ModularDT/HONF_Proj/Trained_Results/ThermalChannel/HONF_Forward_Runs/Run_1502_20260923_004751_sparse_incidence_environment_sparsemax/best_by_field_mse_model.pt,0274,8192,1,7,3.3399658203125,2.0,4.0,"{""1"": 66, ""2"": 951, ""3"": 4254, ""4"": 2134, ""5"": 633, ""6"": 148, ""7"": 6}"
Run 1502,/home/wanglz/Desktop/src/ModularDT/HONF_Proj/Trained_Results/ThermalChannel/HONF_Forward_Runs/Run_1502_20260923_004751_sparse_incidence_environment_sparsemax/best_by_field_mse_model.pt,0275,8192,2,7,3.725341796875,3.0,5.0,"{""2"": 45, ""3"": 3529, ""4"": 3341, ""5"": 1186, ""6"": 90, ""7"": 1}"
Run 1502,/home/wanglz/Desktop/src/ModularDT/HONF_Proj/Trained_Results/ThermalChannel/HONF_Forward_Runs/Run_1502_20260923_004751_sparse_incidence_environment_sparsemax/best_by_field_mse_model.pt,0276,8192,2,6,3.5931396484375,3.0,5.0,"{""2"": 352, ""3"": 3806, ""4"": 2933, ""5"": 1025, ""6"": 76}"
Run 1502,/home/wanglz/Desktop/src/ModularDT/HONF_Proj/Trained_Results/ThermalChannel/HONF_Forward_Runs/Run_1502_20260923_004751_sparse_incidence_environment_sparsemax/best_by_field_mse_model.pt,0277,8192,2,6,3.6962890625,3.0,5.0,"{""2"": 317, ""3"": 2874, ""4"": 4073, ""5"": 836, ""6"": 92}"
Run 1502,/home/wanglz/Desktop/src/ModularDT/HONF_Proj/Trained_Results/ThermalChannel/HONF_Forward_Runs/Run_1502_20260923_004751_sparse_incidence_environment_sparsemax/best_by_field_mse_model.pt,0278,8192,2,6,3.5462646484375,3.0,4.0,"{""2"": 261, ""3"": 4098, ""4"": 3016, ""5"": 731, ""6"": 86}"
Run 1502,/home/wanglz/Desktop/src/ModularDT/HONF_Proj/Trained_Results/ThermalChannel/HONF_Forward_Runs/Run_1502_20260923_004751_sparse_incidence_environment_sparsemax/best_by_field_mse_model.pt,0279,8192,2,6,3.5155029296875,3.0,5.0,"{""2"": 236, ""3"": 4398, ""4"": 2687, ""5"": 841, ""6"": 30}"
Run 1502,/home/wanglz/Desktop/src/ModularDT/HONF_Proj/Trained_Results/ThermalChannel/HONF_Forward_Runs/Run_1502_20260923_004751_sparse_incidence_environment_sparsemax/best_by_field_mse_model.pt,0280,8192,2,7,3.6197509765625,3.0,5.0,"{""2"": 180, ""3"": 4013, ""4"": 2897, ""5"": 950, ""6"": 148, ""7"": 4}"
Run 1502,/home/wanglz/Desktop/src/ModularDT/HONF_Proj/Trained_Results/ThermalChannel/HONF_Forward_Runs/Run_1502_20260923_004751_sparse_incidence_environment_sparsemax/best_by_field_mse_model.pt,0281,8192,2,6,3.64794921875,3.0,5.0,"{""2"": 547, ""3"": 3386, ""4"": 2804, ""5"": 1314, ""6"": 141}"
Run 1502,/home/wanglz/Desktop/src/ModularDT/HONF_Proj/Trained_Results/ThermalChannel/HONF_Forward_Runs/Run_1502_20260923_004751_sparse_incidence_environment_sparsemax/best_by_field_mse_model.pt,0282,8192,2,6,3.5731201171875,3.0,5.0,"{""2"": 271, ""3"": 3870, ""4"": 3144, ""5"": 899, ""6"": 8}"
Run 1502,/home/wanglz/Desktop/src/ModularDT/HONF_Proj/Trained_Results/ThermalChannel/HONF_Forward_Runs/Run_1502_20260923_004751_sparse_incidence_environment_sparsemax/best_by_field_mse_model.pt,0283,8192,2,6,3.3995361328125,3.0,4.0,"{""2"": 286, ""3"": 4978, ""4"": 2367, ""5"": 491, ""6"": 70}"
Run 1502,/home/wanglz/Desktop/src/ModularDT/HONF_Proj/Trained_Results/ThermalChannel/HONF_Forward_Runs/Run_1502_20260923_004751_sparse_incidence_environment_sparsemax/best_by_field_mse_model.pt,0284,8192,2,6,3.384521484375,3.0,4.0,"{""2"": 338, ""3"": 4883, ""4"": 2478, ""5"": 469, ""6"": 24}"
Run 1502,/home/wanglz/Desktop/src/ModularDT/HONF_Proj/Trained_Results/ThermalChannel/HONF_Forward_Runs/Run_1502_20260923_004751_sparse_incidence_environment_sparsemax/best_by_field_mse_model.pt,0285,8192,2,6,3.6104736328125,3.0,5.0,"{""2"": 425, ""3"": 3536, ""4"": 3057, ""5"": 1153, ""6"": 21}"
Run 1502,/home/wanglz/Desktop/src/ModularDT/HONF_Proj/Trained_Results/ThermalChannel/HONF_Forward_Runs/Run_1502_20260923_004751_sparse_incidence_environment_sparsemax/best_by_field_mse_model.pt,0286,8192,2,7,3.4364013671875,3.0,5.0,"{""2"": 541, ""3"": 4555, ""4"": 2181, ""5"": 813, ""6"": 99, ""7"": 3}"
Run 1502,/home/wanglz/Desktop/src/ModularDT/HONF_Proj/Trained_Results/ThermalChannel/HONF_Forward_Runs/Run_1502_20260923_004751_sparse_incidence_environment_sparsemax/best_by_field_mse_model.pt,0287,8192,2,6,3.4212646484375,3.0,4.0,"{""2"": 537, ""3"": 4237, ""4"": 2872, ""5"": 522, ""6"": 24}"
Run 1502,/home/wanglz/Desktop/src/ModularDT/HONF_Proj/Trained_Results/ThermalChannel/HONF_Forward_Runs/Run_1502_20260923_004751_sparse_incidence_environment_sparsemax/best_by_field_mse_model.pt,0288,8192,2,6,3.3955078125,2.0,4.0,"{""2"": 837, ""3"": 3844, ""4"": 3004, ""5"": 448, ""6"": 59}"
Run 1502,/home/wanglz/Desktop/src/ModularDT/HONF_Proj/Trained_Results/ThermalChannel/HONF_Forward_Runs/Run_1502_20260923_004751_sparse_incidence_environment_sparsemax/best_by_field_mse_model.pt,0289,8192,2,6,3.4696044921875,3.0,4.0,"{""2"": 404, ""3"": 4321, ""4"": 2746, ""5"": 658, ""6"": 63}"
Run 1502,/home/wanglz/Desktop/src/ModularDT/HONF_Proj/Trained_Results/ThermalChannel/HONF_Forward_Runs/Run_1502_20260923_004751_sparse_incidence_environment_sparsemax/best_by_field_mse_model.pt,0290,8192,2,6,3.3192138671875,3.0,4.0,"{""2"": 322, ""3"": 5242, ""4"": 2343, ""5"": 261, ""6"": 24}"
Run 1502,/home/wanglz/Desktop/src/ModularDT/HONF_Proj/Trained_Results/ThermalChannel/HONF_Forward_Runs/Run_1502_20260923_004751_sparse_incidence_environment_sparsemax/best_by_field_mse_model.pt,0291,8192,2,6,3.3968505859375,3.0,4.0,"{""2"": 317, ""3"": 4838, ""4"": 2550, ""5"": 443, ""6"": 44}"
Run 1502,/home/wanglz/Desktop/src/ModularDT/HONF_Proj/Trained_Results/ThermalChannel/HONF_Forward_Runs/Run_1502_20260923_004751_sparse_incidence_environment_sparsemax/best_by_field_mse_model.pt,0292,8192,2,6,3.7132568359375,3.0,5.0,"{""2"": 32, ""3"": 3678, ""4"": 3234, ""5"": 1103, ""6"": 145}"
Run 1502,/home/wanglz/Desktop/src/ModularDT/HONF_Proj/Trained_Results/ThermalChannel/HONF_Forward_Runs/Run_1502_20260923_004751_sparse_incidence_environment_sparsemax/best_by_field_mse_model.pt,0293,8192,2,6,3.4501953125,3.0,4.0,"{""2"": 422, ""3"": 4338, ""4"": 2802, ""5"": 582, ""6"": 48}"
Run 1502,/home/wanglz/Desktop/src/ModularDT/HONF_Proj/Trained_Results/ThermalChannel/HONF_Forward_Runs/Run_1502_20260923_004751_sparse_incidence_environment_sparsemax/best_by_field_mse_model.pt,0294,8192,2,6,3.3602294921875,2.0,4.0,"{""2"": 847, ""3"": 4280, ""4"": 2339, ""5"": 719, ""6"": 7}"
Run 1502,/home/wanglz/Desktop/src/ModularDT/HONF_Proj/Trained_Results/ThermalChannel/HONF_Forward_Runs/Run_1502_20260923_004751_sparse_incidence_environment_sparsemax/best_by_field_mse_model.pt,0295,8192,2,6,3.4100341796875,3.0,4.0,"{""2"": 798, ""3"": 4078, ""4"": 2559, ""5"": 673, ""6"": 84}"
Run 1502,/home/wanglz/Desktop/src/ModularDT/HONF_Proj/Trained_Results/ThermalChannel/HONF_Forward_Runs/Run_1502_20260923_004751_sparse_incidence_environment_sparsemax/best_by_field_mse_model.pt,0296,8192,2,6,3.0960693359375,2.0,4.0,"{""2"": 1463, ""3"": 4789, ""4"": 1647, ""5"": 276, ""6"": 17}"
Run 1502,/home/wanglz/Desktop/src/ModularDT/HONF_Proj/Trained_Results/ThermalChannel/HONF_Forward_Runs/Run_1502_20260923_004751_sparse_incidence_environment_sparsemax/best_by_field_mse_model.pt,0297,8192,2,6,3.26513671875,2.0,4.0,"{""2"": 843, ""3"": 4824, ""4"": 2037, ""5"": 486, ""6"": 2}"
Run 1502,/home/wanglz/Desktop/src/ModularDT/HONF_Proj/Trained_Results/ThermalChannel/HONF_Forward_Runs/Run_1502_20260923_004751_sparse_incidence_environment_sparsemax/best_by_field_mse_model.pt,0298,8192,2,6,3.23779296875,2.0,4.0,"{""2"": 1069, ""3"": 4706, ""4"": 1846, ""5"": 542, ""6"": 29}"
Run 1502,/home/wanglz/Desktop/src/ModularDT/HONF_Proj/Trained_Results/ThermalChannel/HONF_Forward_Runs/Run_1502_20260923_004751_sparse_incidence_environment_sparsemax/best_by_field_mse_model.pt,0299,8192,2,6,3.2080078125,2.0,4.0,"{""2"": 1216, ""3"": 4503, ""4"": 2032, ""5"": 435, ""6"": 6}"
Run 1502,/home/wanglz/Desktop/src/ModularDT/HONF_Proj/Trained_Results/ThermalChannel/HONF_Forward_Runs/Run_1502_20260923_004751_sparse_incidence_environment_sparsemax/best_by_field_mse_model.pt,0300,8192,2,6,3.23828125,2.0,4.0,"{""2"": 1110, ""3"": 4514, ""4"": 2110, ""5"": 422, ""6"": 36}"
Run 1502,/home/wanglz/Desktop/src/ModularDT/HONF_Proj/Trained_Results/ThermalChannel/HONF_Forward_Runs/Run_1502_20260923_004751_sparse_incidence_environment_sparsemax/best_by_field_mse_model.pt,0301,8192,2,6,3.3345947265625,3.0,4.0,"{""2"": 344, ""3"": 5238, ""4"": 2150, ""5"": 445, ""6"": 15}"
Run 1502,/home/wanglz/Desktop/src/ModularDT/HONF_Proj/Trained_Results/ThermalChannel/HONF_Forward_Runs/Run_1502_20260923_004751_sparse_incidence_environment_sparsemax/best_by_field_mse_model.pt,0302,8192,2,6,3.1138916015625,2.0,4.0,"{""2"": 1801, ""3"": 3892, ""4"": 2280, ""5"": 203, ""6"": 16}"
Run 1502,/home/wanglz/Desktop/src/ModularDT/HONF_Proj/Trained_Results/ThermalChannel/HONF_Forward_Runs/Run_1502_20260923_004751_sparse_incidence_environment_sparsemax/best_by_field_mse_model.pt,0633,8192,2,6,3.55029296875,3.0,5.0,"{""2"": 528, ""3"": 3976, ""4"": 2430, ""5"": 1168, ""6"": 90}"
Run 1502,/home/wanglz/Desktop/src/ModularDT/HONF_Proj/Trained_Results/ThermalChannel/HONF_Forward_Runs/Run_1502_20260923_004751_sparse_incidence_environment_sparsemax/best_by_field_mse_model.pt,0634,8192,1,7,3.343017578125,2.0,4.0,"{""1"": 26, ""2"": 1026, ""3"": 4171, ""4"": 2201, ""5"": 624, ""6"": 137, ""7"": 7}"
Run 1502,/home/wanglz/Desktop/src/ModularDT/HONF_Proj/Trained_Results/ThermalChannel/HONF_Forward_Runs/Run_1502_20260923_004751_sparse_incidence_environment_sparsemax/best_by_field_mse_model.pt,0635,8192,2,6,3.6961669921875,3.0,5.0,"{""2"": 21, ""3"": 3561, ""4"": 3549, ""5"": 1008, ""6"": 53}"
Run 1502,/home/wanglz/Desktop/src/ModularDT/HONF_Proj/Trained_Results/ThermalChannel/HONF_Forward_Runs/Run_1502_20260923_004751_sparse_incidence_environment_sparsemax/best_by_field_mse_model.pt,0636,8192,2,6,3.6053466796875,3.0,5.0,"{""2"": 327, ""3"": 3774, ""4"": 2972, ""5"": 1043, ""6"": 76}"
Run 1502,/home/wanglz/Desktop/src/ModularDT/HONF_Proj/Trained_Results/ThermalChannel/HONF_Forward_Runs/Run_1502_20260923_004751_sparse_incidence_environment_sparsemax/best_by_field_mse_model.pt,0637,8192,2,6,3.70263671875,3.0,5.0,"{""2"": 336, ""3"": 2800, ""4"": 4116, ""5"": 844, ""6"": 96}"
Run 1502,/home/wanglz/Desktop/src/ModularDT/HONF_Proj/Trained_Results/ThermalChannel/HONF_Forward_Runs/Run_1502_20260923_004751_sparse_incidence_environment_sparsemax/best_by_field_mse_model.pt,0638,8192,2,6,3.5103759765625,3.0,4.0,"{""2"": 295, ""3"": 4155, ""4"": 3027, ""5"": 696, ""6"": 19}"
Run 1502,/home/wanglz/Desktop/src/ModularDT/HONF_Proj/Trained_Results/ThermalChannel/HONF_Forward_Runs/Run_1502_20260923_004751_sparse_incidence_environment_sparsemax/best_by_field_mse_model.pt,0639,8192,2,6,3.5030517578125,3.0,5.0,"{""2"": 265, ""3"": 4436, ""4"": 2624, ""5"": 839, ""6"": 28}"
Run 1502,/home/wanglz/Desktop/src/ModularDT/HONF_Proj/Trained_Results/ThermalChannel/HONF_Forward_Runs/Run_1502_20260923_004751_sparse_incidence_environment_sparsemax/best_by_field_mse_model.pt,0640,8192,2,7,3.6246337890625,3.0,5.0,"{""2"": 110, ""3"": 4277, ""4"": 2556, ""5"": 1079, ""6"": 167, ""7"": 3}"
Run 1502,/home/wanglz/Desktop/src/ModularDT/HONF_Proj/Trained_Results/ThermalChannel/HONF_Forward_Runs/Run_1502_20260923_004751_sparse_incidence_environment_sparsemax/best_by_field_mse_model.pt,0641,8192,2,6,3.60009765625,3.0,5.0,"{""2"": 596, ""3"": 3554, ""4"": 2652, ""5"": 1310, ""6"": 80}"
Run 1502,/home/wanglz/Desktop/src/ModularDT/HONF_Proj/Trained_Results/ThermalChannel/HONF_Forward_Runs/Run_1502_20260923_004751_sparse_incidence_environment_sparsemax/best_by_field_mse_model.pt,0642,8192,2,6,3.572509765625,3.0,5.0,"{""2"": 225, ""3"": 3920, ""4"": 3185, ""5"": 856, ""6"": 6}"
Run 1502,/home/wanglz/Desktop/src/ModularDT/HONF_Proj/Trained_Results/ThermalChannel/HONF_Forward_Runs/Run_1502_20260923_004751_sparse_incidence_environment_sparsemax/best_by_field_mse_model.pt,0643,8192,2,7,3.5545654296875,3.0,5.0,"{""2"": 333, ""3"": 3913, ""4"": 3112, ""5"": 742, ""6"": 88, ""7"": 4}"
Run 1502,/home/wanglz/Desktop/src/ModularDT/HONF_Proj/Trained_Results/ThermalChannel/HONF_Forward_Runs/Run_1502_20260923_004751_sparse_incidence_environment_sparsemax/best_by_field_mse_model.pt,0644,8192,2,6,3.3717041015625,2.0,4.0,"{""2"": 835, ""3"": 4218, ""4"": 2445, ""5"": 647, ""6"": 47}"
Run 1502,/home/wanglz/Desktop/src/ModularDT/HONF_Proj/Trained_Results/ThermalChannel/HONF_Forward_Runs/Run_1502_20260923_004751_sparse_incidence_environment_sparsemax/best_by_field_mse_model.pt,0645,8192,1,6,3.4788818359375,3.0,5.0,"{""1"": 108, ""2"": 472, ""3"": 3993, ""4"": 2714, ""5"": 818, ""6"": 87}"
Run 1502,/home/wanglz/Desktop/src/ModularDT/HONF_Proj/Trained_Results/ThermalChannel/HONF_Forward_Runs/Run_1502_20260923_004751_sparse_incidence_environment_sparsemax/best_by_field_mse_model.pt,0646,8192,2,7,3.7587890625,3.0,5.0,"{""2"": 114, ""3"": 3406, ""4"": 3113, ""5"": 1461, ""6"": 97, ""7"": 1}"
Run 1502,/home/wanglz/Desktop/src/ModularDT/HONF_Proj/Trained_Results/ThermalChannel/HONF_Forward_Runs/Run_1502_20260923_004751_sparse_incidence_environment_sparsemax/best_by_field_mse_model.pt,0647,8192,2,6,3.5257568359375,3.0,4.0,"{""2"": 365, ""3"": 3915, ""4"": 3195, ""5"": 674, ""6"": 43}"
Run 1502,/home/wanglz/Desktop/src/ModularDT/HONF_Proj/Trained_Results/ThermalChannel/HONF_Forward_Runs/Run_1502_20260923_004751_sparse_incidence_environment_sparsemax/best_by_field_mse_model.pt,0648,8192,2,6,3.408203125,3.0,4.0,"{""2"": 778, ""3"": 3843, ""4"": 3075, ""5"": 441, ""6"": 55}"
Run 1502,/home/wanglz/Desktop/src/ModularDT/HONF_Proj/Trained_Results/ThermalChannel/HONF_Forward_Runs/Run_1502_20260923_004751_sparse_incidence_environment_sparsemax/best_by_field_mse_model.pt,0649,8192,2,6,3.46337890625,3.0,4.0,"{""2"": 380, ""3"": 4351, ""4"": 2825, ""5"": 557, ""6"": 79}"
Run 1502,/home/wanglz/Desktop/src/ModularDT/HONF_Proj/Trained_Results/ThermalChannel/HONF_Forward_Runs/Run_1502_20260923_004751_sparse_incidence_environment_sparsemax/best_by_field_mse_model.pt,0650,8192,2,6,3.40380859375,3.0,4.0,"{""2"": 244, ""3"": 4883, ""4"": 2621, ""5"": 401, ""6"": 43}"
Run 1502,/home/wanglz/Desktop/src/ModularDT/HONF_Proj/Trained_Results/ThermalChannel/HONF_Forward_Runs/Run_1502_20260923_004751_sparse_incidence_environment_sparsemax/best_by_field_mse_model.pt,0651,8192,2,6,3.463134765625,3.0,4.0,"{""2"": 280, ""3"": 4705, ""4"": 2388, ""5"": 771, ""6"": 48}"
Run 1502,/home/wanglz/Desktop/src/ModularDT/HONF_Proj/Trained_Results/ThermalChannel/HONF_Forward_Runs/Run_1502_20260923_004751_sparse_incidence_environment_sparsemax/best_by_field_mse_model.pt,0652,8192,2,6,3.732666015625,3.0,5.0,"{""2"": 55, ""3"": 3655, ""4"": 3190, ""5"": 1009, ""6"": 283}"
Run 1502,/home/wanglz/Desktop/src/ModularDT/HONF_Proj/Trained_Results/ThermalChannel/HONF_Forward_Runs/Run_1502_20260923_004751_sparse_incidence_environment_sparsemax/best_by_field_mse_model.pt,0653,8192,2,6,3.456298828125,3.0,4.0,"{""2"": 478, ""3"": 4112, ""4"": 3031, ""5"": 528, ""6"": 43}"
Run 1502,/home/wanglz/Desktop/src/ModularDT/HONF_Proj/Trained_Results/ThermalChannel/HONF_Forward_Runs/Run_1502_20260923_004751_sparse_incidence_environment_sparsemax/best_by_field_mse_model.pt,0654,8192,2,6,3.4298095703125,3.0,4.0,"{""2"": 339, ""3"": 4823, ""4"": 2257, ""5"": 716, ""6"": 57}"
Run 1502,/home/wanglz/Desktop/src/ModularDT/HONF_Proj/Trained_Results/ThermalChannel/HONF_Forward_Runs/Run_1502_20260923_004751_sparse_incidence_environment_sparsemax/best_by_field_mse_model.pt,0655,8192,2,7,3.551025390625,3.0,5.0,"{""2"": 489, ""3"": 3978, ""4"": 2529, ""5"": 1121, ""6"": 68, ""7"": 7}"
Run 1502,/home/wanglz/Desktop/src/ModularDT/HONF_Proj/Trained_Results/ThermalChannel/HONF_Forward_Runs/Run_1502_20260923_004751_sparse_incidence_environment_sparsemax/best_by_field_mse_model.pt,0656,8192,2,6,3.42724609375,3.0,5.0,"{""2"": 599, ""3"": 4389, ""4"": 2332, ""5"": 849, ""6"": 23}"
Run 1502,/home/wanglz/Desktop/src/ModularDT/HONF_Proj/Trained_Results/ThermalChannel/HONF_Forward_Runs/Run_1502_20260923_004751_sparse_incidence_environment_sparsemax/best_by_field_mse_model.pt,0657,8192,2,6,3.3817138671875,3.0,4.0,"{""2"": 553, ""3"": 4776, ""4"": 2096, ""5"": 717, ""6"": 50}"
Run 1502,/home/wanglz/Desktop/src/ModularDT/HONF_Proj/Trained_Results/ThermalChannel/HONF_Forward_Runs/Run_1502_20260923_004751_sparse_incidence_environment_sparsemax/best_by_field_mse_model.pt,0658,8192,2,6,3.2889404296875,3.0,4.0,"{""2"": 757, ""3"": 4845, ""4"": 2080, ""5"": 486, ""6"": 24}"
Run 1502,/home/wanglz/Desktop/src/ModularDT/HONF_Proj/Trained_Results/ThermalChannel/HONF_Forward_Runs/Run_1502_20260923_004751_sparse_incidence_environment_sparsemax/best_by_field_mse_model.pt,0659,8192,2,6,3.501220703125,3.0,4.0,"{""2"": 347, ""3"": 4197, ""4"": 2862, ""5"": 767, ""6"": 19}"
Run 1502,/home/wanglz/Desktop/src/ModularDT/HONF_Proj/Trained_Results/ThermalChannel/HONF_Forward_Runs/Run_1502_20260923_004751_sparse_incidence_environment_sparsemax/best_by_field_mse_model.pt,0660,8192,2,6,3.4210205078125,3.0,4.0,"{""2"": 456, ""3"": 4702, ""4"": 2255, ""5"": 687, ""6"": 92}"
Run 1502,/home/wanglz/Desktop/src/ModularDT/HONF_Proj/Trained_Results/ThermalChannel/HONF_Forward_Runs/Run_1502_20260923_004751_sparse_incidence_environment_sparsemax/best_by_field_mse_model.pt,0661,8192,2,6,3.498291015625,3.0,4.0,"{""2"": 276, ""3"": 4264, ""4"": 2977, ""5"": 644, ""6"": 31}"
Run 1502,/home/wanglz/Desktop/src/ModularDT/HONF_Proj/Trained_Results/ThermalChannel/HONF_Forward_Runs/Run_1502_20260923_004751_sparse_incidence_environment_sparsemax/best_by_field_mse_model.pt,0662,8192,2,6,3.3363037109375,3.0,4.0,"{""2"": 772, ""3"": 4305, ""4"": 2729, ""5"": 360, ""6"": 26}"
Run 1502,/home/wanglz/Desktop/src/ModularDT/HONF_Proj/Trained_Results/ThermalChannel/HONF_Forward_Runs/Run_1502_20260923_004751_sparse_incidence_environment_sparsemax/best_by_field_mse_model.pt,0663,8192,2,6,3.3294677734375,3.0,4.0,"{""2"": 772, ""3"": 4430, ""4"": 2558, ""5"": 383, ""6"": 49}"
Run 1502,/home/wanglz/Desktop/src/ModularDT/HONF_Proj/Trained_Results/ThermalChannel/HONF_Forward_Runs/Run_1502_20260923_004751_sparse_incidence_environment_sparsemax/best_by_field_mse_model.pt,0664,8192,2,6,3.3011474609375,3.0,4.0,"{""2"": 434, ""3"": 5393, ""4"": 1867, ""5"": 460, ""6"": 38}"
Run 1502,/home/wanglz/Desktop/src/ModularDT/HONF_Proj/Trained_Results/ThermalChannel/HONF_Forward_Runs/Run_1502_20260923_004751_sparse_incidence_environment_sparsemax/best_by_field_mse_model.pt,0665,8192,2,6,3.129638671875,2.0,4.0,"{""2"": 1468, ""3"": 4418, ""4"": 2091, ""5"": 206, ""6"": 9}"
Run 1502,/home/wanglz/Desktop/src/ModularDT/HONF_Proj/Trained_Results/ThermalChannel/HONF_Forward_Runs/Run_1502_20260923_004751_sparse_incidence_environment_sparsemax/best_by_field_mse_model.pt,0666,8192,2,6,3.272216796875,3.0,4.0,"{""2"": 661, ""3"": 5089, ""4"": 2011, ""5"": 413, ""6"": 18}"
Run 1502,/home/wanglz/Desktop/src/ModularDT/HONF_Proj/Trained_Results/ThermalChannel/HONF_Forward_Runs/Run_1502_20260923_004751_sparse_incidence_environment_sparsemax/best_by_field_mse_model.pt,0667,8192,2,7,3.102294921875,2.0,4.0,"{""2"": 1784, ""3"": 4204, ""4"": 1834, ""5"": 324, ""6"": 44, ""7"": 2}"
Run 1502,/home/wanglz/Desktop/src/ModularDT/HONF_Proj/Trained_Results/ThermalChannel/HONF_Forward_Runs/Run_1502_20260923_004751_sparse_incidence_environment_sparsemax/best_by_field_mse_model.pt,0668,8192,2,5,3.1798095703125,2.0,4.0,"{""2"": 1334, ""3"": 4551, ""4"": 1807, ""5"": 500}"
Run 1502,/home/wanglz/Desktop/src/ModularDT/HONF_Proj/Trained_Results/ThermalChannel/HONF_Forward_Runs/Run_1502_20260923_004751_sparse_incidence_environment_sparsemax/best_by_field_mse_model.pt,0669,8192,2,6,3.4705810546875,3.0,4.0,"{""2"": 228, ""3"": 4763, ""4"": 2400, ""5"": 720, ""6"": 81}"
Run 1502,/home/wanglz/Desktop/src/ModularDT/HONF_Proj/Trained_Results/ThermalChannel/HONF_Forward_Runs/Run_1502_20260923_004751_sparse_incidence_environment_sparsemax/best_by_field_mse_model.pt,0670,8192,2,6,3.406005859375,3.0,4.0,"{""2"": 408, ""3"": 4654, ""4"": 2562, ""5"": 532, ""6"": 36}"
Run 1502,/home/wanglz/Desktop/src/ModularDT/HONF_Proj/Trained_Results/ThermalChannel/HONF_Forward_Runs/Run_1502_20260923_004751_sparse_incidence_environment_sparsemax/best_by_field_mse_model.pt,0671,8192,2,6,3.2327880859375,3.0,4.0,"{""2"": 681, ""3"": 5373, ""4"": 1736, ""5"": 354, ""6"": 48}"
Run 1502,/home/wanglz/Desktop/src/ModularDT/HONF_Proj/Trained_Results/ThermalChannel/HONF_Forward_Runs/Run_1502_20260923_004751_sparse_incidence_environment_sparsemax/best_by_field_mse_model.pt,0672,8192,2,6,3.25048828125,3.0,4.0,"{""2"": 728, ""3"": 5065, ""4"": 2019, ""5"": 379, ""6"": 1}"
Run 1502,/home/wanglz/Desktop/src/ModularDT/HONF_Proj/Trained_Results/ThermalChannel/HONF_Forward_Runs/Run_1502_20260923_004751_sparse_incidence_environment_sparsemax/best_by_field_mse_model.pt,0673,8192,2,6,3.174072265625,2.0,4.0,"{""2"": 1553, ""3"": 4021, ""4"": 2277, ""5"": 321, ""6"": 20}"
Run 1502,/home/wanglz/Desktop/src/ModularDT/HONF_Proj/Trained_Results/ThermalChannel/HONF_Forward_Runs/Run_1502_20260923_004751_sparse_incidence_environment_sparsemax/best_by_field_mse_model.pt,0674,8192,2,6,3.2535400390625,2.0,4.0,"{""2"": 926, ""3"": 4678, ""4"": 2181, ""5"": 399, ""6"": 8}"
Run 1502,/home/wanglz/Desktop/src/ModularDT/HONF_Proj/Trained_Results/ThermalChannel/HONF_Forward_Runs/Run_1502_20260923_004751_sparse_incidence_environment_sparsemax/best_by_field_mse_model.pt,0675,8192,2,7,3.3988037109375,3.0,4.0,"{""2"": 231, ""3"": 5035, ""4"": 2394, ""5"": 496, ""6"": 32, ""7"": 4}"
Run 1502,/home/wanglz/Desktop/src/ModularDT/HONF_Proj/Trained_Results/ThermalChannel/HONF_Forward_Runs/Run_1502_20260923_004751_sparse_incidence_environment_sparsemax/best_by_field_mse_model.pt,0676,8192,2,7,3.123779296875,2.0,4.0,"{""2"": 1387, ""3"": 4747, ""4"": 1727, ""5"": 320, ""6"": 10, ""7"": 1}"
Run 1502,/home/wanglz/Desktop/src/ModularDT/HONF_Proj/Trained_Results/ThermalChannel/HONF_Forward_Runs/Run_1502_20260923_004751_sparse_incidence_environment_sparsemax/best_by_field_mse_model.pt,0677,8192,2,6,3.271240234375,2.0,4.0,"{""2"": 1104, ""3"": 4264, ""4"": 2352, ""5"": 442, ""6"": 30}"
Run 1502,/home/wanglz/Desktop/src/ModularDT/HONF_Proj/Trained_Results/ThermalChannel/HONF_Forward_Runs/Run_1502_20260923_004751_sparse_incidence_environment_sparsemax/best_by_field_mse_model.pt,0678,8192,2,6,3.12548828125,2.0,4.0,"{""2"": 1444, ""3"": 4614, ""4"": 1800, ""5"": 330, ""6"": 4}"
Run 1502,/home/wanglz/Desktop/src/ModularDT/HONF_Proj/Trained_Results/ThermalChannel/HONF_Forward_Runs/Run_1502_20260923_004751_sparse_incidence_environment_sparsemax/best_by_field_mse_model.pt,0679,8192,2,6,3.093994140625,2.0,4.0,"{""2"": 1821, ""3"": 4071, ""4"": 2012, ""5"": 285, ""6"": 3}"
Run 1502,/home/wanglz/Desktop/src/ModularDT/HONF_Proj/Trained_Results/ThermalChannel/HONF_Forward_Runs/Run_1502_20260923_004751_sparse_incidence_environment_sparsemax/best_by_field_mse_model.pt,0680,8192,2,6,3.1072998046875,2.0,4.0,"{""2"": 1733, ""3"": 4145, ""4"": 2038, ""5"": 254, ""6"": 22}"
Run 1502,/home/wanglz/Desktop/src/ModularDT/HONF_Proj/Trained_Results/ThermalChannel/HONF_Forward_Runs/Run_1502_20260923_004751_sparse_incidence_environment_sparsemax/best_by_field_mse_model.pt,0681,8192,2,6,3.01171875,2.0,4.0,"{""2"": 2102, ""3"": 4082, ""4"": 1826, ""5"": 174, ""6"": 8}"
Run 1502,/home/wanglz/Desktop/src/ModularDT/HONF_Proj/Trained_Results/ThermalChannel/HONF_Forward_Runs/Run_1502_20260923_004751_sparse_incidence_environment_sparsemax/best_by_field_mse_model.pt,0682,8192,2,6,3.1021728515625,2.0,4.0,"{""2"": 1713, ""3"": 4240, ""4"": 1943, ""5"": 281, ""6"": 15}"
Run 1502,/home/wanglz/Desktop/src/ModularDT/HONF_Proj/Trained_Results/ThermalChannel/HONF_Forward_Runs/Run_1502_20260923_004751_sparse_incidence_environment_sparsemax/best_by_field_mse_model.pt,0683,8192,2,6,3.101806640625,2.0,4.0,"{""2"": 1812, ""3"": 4006, ""4"": 2103, ""5"": 270, ""6"": 1}"
Run 1502,/home/wanglz/Desktop/src/ModularDT/HONF_Proj/Trained_Results/ThermalChannel/HONF_Forward_Runs/Run_1502_20260923_004751_sparse_incidence_environment_sparsemax/best_by_field_mse_model.pt,0684,8192,2,6,3.0631103515625,2.0,4.0,"{""2"": 1724, ""3"": 4472, ""4"": 1757, ""5"": 233, ""6"": 6}"
Run 1502,/home/wanglz/Desktop/src/ModularDT/HONF_Proj/Trained_Results/ThermalChannel/HONF_Forward_Runs/Run_1502_20260923_004751_sparse_incidence_environment_sparsemax/best_by_field_mse_model.pt,0685,8192,2,6,3.1075439453125,2.0,4.0,"{""2"": 1493, ""3"": 4595, ""4"": 1842, ""5"": 254, ""6"": 8}"
Run 1502,/home/wanglz/Desktop/src/ModularDT/HONF_Proj/Trained_Results/ThermalChannel/HONF_Forward_Runs/Run_1502_20260923_004751_sparse_incidence_environment_sparsemax/best_by_field_mse_model.pt,0686,8192,2,6,3.0089111328125,2.0,4.0,"{""2"": 1510, ""3"": 5308, ""4"": 1176, ""5"": 187, ""6"": 11}"
Run 1502,/home/wanglz/Desktop/src/ModularDT/HONF_Proj/Trained_Results/ThermalChannel/HONF_Forward_Runs/Run_1502_20260923_004751_sparse_incidence_environment_sparsemax/best_by_field_mse_model.pt,0687,8192,2,5,3.025146484375,2.0,4.0,"{""2"": 1747, ""3"": 4644, ""4"": 1649, ""5"": 152}"
Run 1502,/home/wanglz/Desktop/src/ModularDT/HONF_Proj/Trained_Results/ThermalChannel/HONF_Forward_Runs/Run_1502_20260923_004751_sparse_incidence_environment_sparsemax/best_by_field_mse_model.pt,0688,8192,2,6,3.017578125,2.0,4.0,"{""2"": 1930, ""3"": 4411, ""4"": 1644, ""5"": 191, ""6"": 16}"
Run 1502,/home/wanglz/Desktop/src/ModularDT/HONF_Proj/Trained_Results/ThermalChannel/HONF_Forward_Runs/Run_1502_20260923_004751_sparse_incidence_environment_sparsemax/best_by_field_mse_model.pt,0689,8192,2,6,3.25634765625,2.0,4.0,"{""2"": 1156, ""3"": 4229, ""4"": 2363, ""5"": 439, ""6"": 5}"
Run 1502,/home/wanglz/Desktop/src/ModularDT/HONF_Proj/Trained_Results/ThermalChannel/HONF_Forward_Runs/Run_1502_20260923_004751_sparse_incidence_environment_sparsemax/best_by_field_mse_model.pt,0690,8192,2,6,3.1279296875,2.0,4.0,"{""2"": 1575, ""3"": 4249, ""4"": 2117, ""5"": 247, ""6"": 4}"
Run 1502,/home/wanglz/Desktop/src/ModularDT/HONF_Proj/Trained_Results/ThermalChannel/HONF_Forward_Runs/Run_1502_20260923_004751_sparse_incidence_environment_sparsemax/best_by_field_mse_model.pt,0691,8192,2,6,3.1004638671875,2.0,4.0,"{""2"": 1792, ""3"": 4096, ""4"": 2013, ""5"": 271, ""6"": 20}"
Run 1502,/home/wanglz/Desktop/src/ModularDT/HONF_Proj/Trained_Results/ThermalChannel/HONF_Forward_Runs/Run_1502_20260923_004751_sparse_incidence_environment_sparsemax/best_by_field_mse_model.pt,0692,8192,2,6,3.052490234375,2.0,4.0,"{""2"": 1895, ""3"": 4212, ""4"": 1850, ""5"": 230, ""6"": 5}"
