endpoint,layout_index,layout_mean_dense_minus_classic_volume_rmse_mps,estimate_mean_dense_minus_classic_volume_rmse_mps,bootstrap_lower_2_5_percent_mps,bootstrap_upper_97_5_percent_mps,replicates,seed,descriptive_scope
best_validation,1,-0.006114024358491103,-0.008648325321781968,-0.010454224354535753,-0.007177524937239168,10000,42,held-out layouts only; not population-generalization
best_validation,11,-0.006739807780832052,-0.008648325321781968,-0.010454224354535753,-0.007177524937239168,10000,42,held-out layouts only; not population-generalization
best_validation,15,-0.007393716524044673,-0.008648325321781968,-0.010454224354535753,-0.007177524937239168,10000,42,held-out layouts only; not population-generalization
best_validation,16,-0.009770176683863005,-0.008648325321781968,-0.010454224354535753,-0.007177524937239168,10000,42,held-out layouts only; not population-generalization
best_validation,17,-0.007897724087039629,-0.008648325321781968,-0.010454224354535753,-0.007177524937239168,10000,42,held-out layouts only; not population-generalization
best_validation,23,-0.008931090744833151,-0.008648325321781968,-0.010454224354535753,-0.007177524937239168,10000,42,held-out layouts only; not population-generalization
best_validation,31,-0.007180190645158291,-0.008648325321781968,-0.010454224354535753,-0.007177524937239168,10000,42,held-out layouts only; not population-generalization
best_validation,40,-0.008728302083909512,-0.008648325321781968,-0.010454224354535753,-0.007177524937239168,10000,42,held-out layouts only; not population-generalization
best_validation,42,-0.02058686874806881,-0.008648325321781968,-0.010454224354535753,-0.007177524937239168,10000,42,held-out layouts only; not population-generalization
best_validation,43,-0.006688716821372509,-0.008648325321781968,-0.010454224354535753,-0.007177524937239168,10000,42,held-out layouts only; not population-generalization
best_validation,53,-0.005280986117819945,-0.008648325321781968,-0.010454224354535753,-0.007177524937239168,10000,42,held-out layouts only; not population-generalization
best_validation,57,-0.008113194877902666,-0.008648325321781968,-0.010454224354535753,-0.007177524937239168,10000,42,held-out layouts only; not population-generalization
best_validation,60,-0.004928129414717357,-0.008648325321781968,-0.010454224354535753,-0.007177524937239168,10000,42,held-out layouts only; not population-generalization
best_validation,61,-0.007048008032143116,-0.008648325321781968,-0.010454224354535753,-0.007177524937239168,10000,42,held-out layouts only; not population-generalization
best_validation,69,-0.005498092621564865,-0.008648325321781968,-0.010454224354535753,-0.007177524937239168,10000,42,held-out layouts only; not population-generalization
best_validation,76,-0.009675083992381891,-0.008648325321781968,-0.010454224354535753,-0.007177524937239168,10000,42,held-out layouts only; not population-generalization
best_validation,105,-0.00447990217556556,-0.008648325321781968,-0.010454224354535753,-0.007177524937239168,10000,42,held-out layouts only; not population-generalization
best_validation,109,-0.004235735163092613,-0.008648325321781968,-0.010454224354535753,-0.007177524937239168,10000,42,held-out layouts only; not population-generalization
best_validation,122,-0.01127239316701889,-0.008648325321781968,-0.010454224354535753,-0.007177524937239168,10000,42,held-out layouts only; not population-generalization
best_validation,129,-0.008729857703049978,-0.008648325321781968,-0.010454224354535753,-0.007177524937239168,10000,42,held-out layouts only; not population-generalization
best_validation,137,-0.005442919209599495,-0.008648325321781968,-0.010454224354535753,-0.007177524937239168,10000,42,held-out layouts only; not population-generalization
best_validation,142,-0.008070225827395916,-0.008648325321781968,-0.010454224354535753,-0.007177524937239168,10000,42,held-out layouts only; not population-generalization
best_validation,154,-0.006206218463679154,-0.008648325321781968,-0.010454224354535753,-0.007177524937239168,10000,42,held-out layouts only; not population-generalization
best_validation,158,-0.006877216200033824,-0.008648325321781968,-0.010454224354535753,-0.007177524937239168,10000,42,held-out layouts only; not population-generalization
best_validation,160,-0.009225202724337578,-0.008648325321781968,-0.010454224354535753,-0.007177524937239168,10000,42,held-out layouts only; not population-generalization
best_validation,162,-0.025571304994324844,-0.008648325321781968,-0.010454224354535753,-0.007177524937239168,10000,42,held-out layouts only; not population-generalization
best_validation,168,-0.01372978494813045,-0.008648325321781968,-0.010454224354535753,-0.007177524937239168,10000,42,held-out layouts only; not population-generalization
best_validation,169,-0.007129365888734658,-0.008648325321781968,-0.010454224354535753,-0.007177524937239168,10000,42,held-out layouts only; not population-generalization
best_validation,172,-0.0039307015637556715,-0.008648325321781968,-0.010454224354535753,-0.007177524937239168,10000,42,held-out layouts only; not population-generalization
best_validation,182,-0.013974818090597788,-0.008648325321781968,-0.010454224354535753,-0.007177524937239168,10000,42,held-out layouts only; not population-generalization
epoch2500_validation,1,-0.008102641440927982,-0.00915698278695345,-0.01061516576938124,-0.007885138428666527,10000,42,held-out layouts only; not population-generalization
epoch2500_validation,11,-0.006127784339090188,-0.00915698278695345,-0.01061516576938124,-0.007885138428666527,10000,42,held-out layouts only; not population-generalization
epoch2500_validation,15,-0.007008843589574099,-0.00915698278695345,-0.01061516576938124,-0.007885138428666527,10000,42,held-out layouts only; not population-generalization
epoch2500_validation,16,-0.010342780655870834,-0.00915698278695345,-0.01061516576938124,-0.007885138428666527,10000,42,held-out layouts only; not population-generalization
epoch2500_validation,17,-0.00876091451694568,-0.00915698278695345,-0.01061516576938124,-0.007885138428666527,10000,42,held-out layouts only; not population-generalization
epoch2500_validation,23,-0.008170627988874912,-0.00915698278695345,-0.01061516576938124,-0.007885138428666527,10000,42,held-out layouts only; not population-generalization
epoch2500_validation,31,-0.0056165702020128565,-0.00915698278695345,-0.01061516576938124,-0.007885138428666527,10000,42,held-out layouts only; not population-generalization
epoch2500_validation,40,-0.007506074383854866,-0.00915698278695345,-0.01061516576938124,-0.007885138428666527,10000,42,held-out layouts only; not population-generalization
epoch2500_validation,42,-0.01808450308938821,-0.00915698278695345,-0.01061516576938124,-0.007885138428666527,10000,42,held-out layouts only; not population-generalization
epoch2500_validation,43,-0.006318805118401845,-0.00915698278695345,-0.01061516576938124,-0.007885138428666527,10000,42,held-out layouts only; not population-generalization
epoch2500_validation,53,-0.0069105373695492744,-0.00915698278695345,-0.01061516576938124,-0.007885138428666527,10000,42,held-out layouts only; not population-generalization
epoch2500_validation,57,-0.010923945344984531,-0.00915698278695345,-0.01061516576938124,-0.007885138428666527,10000,42,held-out layouts only; not population-generalization
epoch2500_validation,60,-0.00480694913615783,-0.00915698278695345,-0.01061516576938124,-0.007885138428666527,10000,42,held-out layouts only; not population-generalization
epoch2500_validation,61,-0.009655267931520939,-0.00915698278695345,-0.01061516576938124,-0.007885138428666527,10000,42,held-out layouts only; not population-generalization
epoch2500_validation,69,-0.0058748675510287285,-0.00915698278695345,-0.01061516576938124,-0.007885138428666527,10000,42,held-out layouts only; not population-generalization
epoch2500_validation,76,-0.012160640520354113,-0.00915698278695345,-0.01061516576938124,-0.007885138428666527,10000,42,held-out layouts only; not population-generalization
epoch2500_validation,105,-0.006606205676992734,-0.00915698278695345,-0.01061516576938124,-0.007885138428666527,10000,42,held-out layouts only; not population-generalization
epoch2500_validation,109,-0.005478139966726303,-0.00915698278695345,-0.01061516576938124,-0.007885138428666527,10000,42,held-out layouts only; not population-generalization
epoch2500_validation,122,-0.012266034881273905,-0.00915698278695345,-0.01061516576938124,-0.007885138428666527,10000,42,held-out layouts only; not population-generalization
epoch2500_validation,129,-0.011287781099478403,-0.00915698278695345,-0.01061516576938124,-0.007885138428666527,10000,42,held-out layouts only; not population-generalization
epoch2500_validation,137,-0.006500738052030404,-0.00915698278695345,-0.01061516576938124,-0.007885138428666527,10000,42,held-out layouts only; not population-generalization
epoch2500_validation,142,-0.009619566611945629,-0.00915698278695345,-0.01061516576938124,-0.007885138428666527,10000,42,held-out layouts only; not population-generalization
epoch2500_validation,154,-0.006455807636181514,-0.00915698278695345,-0.01061516576938124,-0.007885138428666527,10000,42,held-out layouts only; not population-generalization
epoch2500_validation,158,-0.00868610975642999,-0.00915698278695345,-0.01061516576938124,-0.007885138428666527,10000,42,held-out layouts only; not population-generalization
epoch2500_validation,160,-0.006641888370116551,-0.00915698278695345,-0.01061516576938124,-0.007885138428666527,10000,42,held-out layouts only; not population-generalization
epoch2500_validation,162,-0.021373434613148373,-0.00915698278695345,-0.01061516576938124,-0.007885138428666527,10000,42,held-out layouts only; not population-generalization
epoch2500_validation,168,-0.012504087761044502,-0.00915698278695345,-0.01061516576938124,-0.007885138428666527,10000,42,held-out layouts only; not population-generalization
epoch2500_validation,169,-0.008897386491298676,-0.00915698278695345,-0.01061516576938124,-0.007885138428666527,10000,42,held-out layouts only; not population-generalization
epoch2500_validation,172,-0.006043732476731141,-0.00915698278695345,-0.01061516576938124,-0.007885138428666527,10000,42,held-out layouts only; not population-generalization
epoch2500_validation,182,-0.01597681703666846,-0.00915698278695345,-0.01061516576938124,-0.007885138428666527,10000,42,held-out layouts only; not population-generalization
best_test,6,-0.005057020112872124,-0.00829343448082606,-0.009275649335338839,-0.007413584884100904,10000,42,held-out layouts only; not population-generalization
best_test,14,-0.007685038571556409,-0.00829343448082606,-0.009275649335338839,-0.007413584884100904,10000,42,held-out layouts only; not population-generalization
best_test,19,-0.0071042996520797414,-0.00829343448082606,-0.009275649335338839,-0.007413584884100904,10000,42,held-out layouts only; not population-generalization
best_test,22,-0.010236110848685106,-0.00829343448082606,-0.009275649335338839,-0.007413584884100904,10000,42,held-out layouts only; not population-generalization
best_test,30,-0.00968770713855823,-0.00829343448082606,-0.009275649335338839,-0.007413584884100904,10000,42,held-out layouts only; not population-generalization
best_test,34,-0.005534910596907139,-0.00829343448082606,-0.009275649335338839,-0.007413584884100904,10000,42,held-out layouts only; not population-generalization
best_test,35,-0.007921932886044184,-0.00829343448082606,-0.009275649335338839,-0.007413584884100904,10000,42,held-out layouts only; not population-generalization
best_test,36,-0.008549126175542673,-0.00829343448082606,-0.009275649335338839,-0.007413584884100904,10000,42,held-out layouts only; not population-generalization
best_test,41,-0.00702357292175293,-0.00829343448082606,-0.009275649335338839,-0.007413584884100904,10000,42,held-out layouts only; not population-generalization
best_test,44,-0.006111788252989451,-0.00829343448082606,-0.009275649335338839,-0.007413584884100904,10000,42,held-out layouts only; not population-generalization
best_test,47,-0.009171439024309317,-0.00829343448082606,-0.009275649335338839,-0.007413584884100904,10000,42,held-out layouts only; not population-generalization
best_test,49,-0.007657768515249093,-0.00829343448082606,-0.009275649335338839,-0.007413584884100904,10000,42,held-out layouts only; not population-generalization
best_test,58,-0.005659698819120725,-0.00829343448082606,-0.009275649335338839,-0.007413584884100904,10000,42,held-out layouts only; not population-generalization
best_test,64,-0.010276757801572481,-0.00829343448082606,-0.009275649335338839,-0.007413584884100904,10000,42,held-out layouts only; not population-generalization
best_test,77,-0.005605778656899929,-0.00829343448082606,-0.009275649335338839,-0.007413584884100904,10000,42,held-out layouts only; not population-generalization
best_test,97,-0.009676172398030758,-0.00829343448082606,-0.009275649335338839,-0.007413584884100904,10000,42,held-out layouts only; not population-generalization
best_test,102,-0.006948595866560936,-0.00829343448082606,-0.009275649335338839,-0.007413584884100904,10000,42,held-out layouts only; not population-generalization
best_test,110,-0.008852003452678522,-0.00829343448082606,-0.009275649335338839,-0.007413584884100904,10000,42,held-out layouts only; not population-generalization
best_test,113,-0.014638072811067104,-0.00829343448082606,-0.009275649335338839,-0.007413584884100904,10000,42,held-out layouts only; not population-generalization
best_test,136,-0.014905857232709726,-0.00829343448082606,-0.009275649335338839,-0.007413584884100904,10000,42,held-out layouts only; not population-generalization
best_test,139,-0.007033361742893855,-0.00829343448082606,-0.009275649335338839,-0.007413584884100904,10000,42,held-out layouts only; not population-generalization
best_test,140,-0.007898349314928055,-0.00829343448082606,-0.009275649335338839,-0.007413584884100904,10000,42,held-out layouts only; not population-generalization
best_test,141,-0.00542357936501503,-0.00829343448082606,-0.009275649335338839,-0.007413584884100904,10000,42,held-out layouts only; not population-generalization
best_test,163,-0.006006693467497826,-0.00829343448082606,-0.009275649335338839,-0.007413584884100904,10000,42,held-out layouts only; not population-generalization
best_test,175,-0.011078070849180222,-0.00829343448082606,-0.009275649335338839,-0.007413584884100904,10000,42,held-out layouts only; not population-generalization
best_test,181,-0.007859921082854271,-0.00829343448082606,-0.009275649335338839,-0.007413584884100904,10000,42,held-out layouts only; not population-generalization
best_test,183,-0.012907671431700388,-0.00829343448082606,-0.009275649335338839,-0.007413584884100904,10000,42,held-out layouts only; not population-generalization
best_test,184,-0.009940102075537046,-0.00829343448082606,-0.009275649335338839,-0.007413584884100904,10000,42,held-out layouts only; not population-generalization
best_test,193,-0.007547490609188874,-0.00829343448082606,-0.009275649335338839,-0.007413584884100904,10000,42,held-out layouts only; not population-generalization
best_test,194,-0.004804142750799656,-0.00829343448082606,-0.009275649335338839,-0.007413584884100904,10000,42,held-out layouts only; not population-generalization
