endpoint,source_index,case,layout_index,wind_direction_deg,classic_volume_rmse_mps,dense_volume_rmse_mps,dense_minus_classic_volume_rmse_mps
best_validation,3,gen_0001_wd270,1,270.0,0.019701620563864708,0.01207120530307293,-0.0076304152607917786
best_validation,4,gen_0001_wd285,1,285.0,0.015861110761761665,0.011346595361828804,-0.004514515399932861
best_validation,5,gen_0001_wd300,1,300.0,0.016785982996225357,0.010588840581476688,-0.006197142414748669
best_validation,33,gen_0011_wd270,11,270.0,0.013850347138941288,0.007385771255940199,-0.006464575883001089
best_validation,34,gen_0011_wd285,11,285.0,0.014402947388589382,0.0074441079050302505,-0.006958839483559132
best_validation,35,gen_0011_wd300,11,300.0,0.015258745290338993,0.008462737314403057,-0.006796007975935936
best_validation,45,gen_0015_wd270,15,270.0,0.015866661444306374,0.009651059284806252,-0.006215602159500122
best_validation,46,gen_0015_wd285,15,285.0,0.018925685435533524,0.00863026361912489,-0.010295421816408634
best_validation,47,gen_0015_wd300,15,300.0,0.01364116556942463,0.007971039973199368,-0.005670125596225262
best_validation,48,gen_0016_wd270,16,270.0,0.022448835894465446,0.010966053232550621,-0.011482782661914825
best_validation,49,gen_0016_wd285,16,285.0,0.019160715863108635,0.008234431967139244,-0.010926283895969391
best_validation,50,gen_0016_wd300,16,300.0,0.017499195411801338,0.010597731918096542,-0.006901463493704796
best_validation,51,gen_0017_wd270,17,270.0,0.02022775635123253,0.012089885771274567,-0.008137870579957962
best_validation,52,gen_0017_wd285,17,285.0,0.019599998369812965,0.012206776067614555,-0.00739322230219841
best_validation,53,gen_0017_wd300,17,300.0,0.021579453721642494,0.013417374342679977,-0.008162079378962517
best_validation,69,gen_0023_wd270,23,270.0,0.019441409036517143,0.00917734019458294,-0.010264068841934204
best_validation,70,gen_0023_wd285,23,285.0,0.016807468608021736,0.007967918179929256,-0.00883955042809248
best_validation,71,gen_0023_wd300,23,300.0,0.01692873239517212,0.009239079430699348,-0.007689652964472771
best_validation,93,gen_0031_wd270,31,270.0,0.013908874243497849,0.009285383857786655,-0.004623490385711193
best_validation,94,gen_0031_wd285,31,285.0,0.01819714717566967,0.009467614814639091,-0.008729532361030579
best_validation,95,gen_0031_wd300,31,300.0,0.01641004905104637,0.00822249986231327,-0.008187549188733101
best_validation,120,gen_0040_wd270,40,270.0,0.017356134951114655,0.007643254939466715,-0.00971288001164794
best_validation,121,gen_0040_wd285,40,285.0,0.016110515221953392,0.009626495651900768,-0.006484019570052624
best_validation,122,gen_0040_wd300,40,300.0,0.017603078857064247,0.007615072187036276,-0.009988006670027971
best_validation,126,gen_0042_wd270,42,270.0,0.025650832802057266,0.012801267206668854,-0.012849565595388412
best_validation,127,gen_0042_wd285,42,285.0,0.02418491058051586,0.012852141633629799,-0.011332768946886063
best_validation,128,gen_0042_wd300,42,300.0,0.05023210868239403,0.012653836980462074,-0.03757827170193195
best_validation,129,gen_0043_wd270,43,270.0,0.016941897571086884,0.010464114136993885,-0.0064777834340929985
best_validation,130,gen_0043_wd285,43,285.0,0.014466606080532074,0.008540495298802853,-0.005926110781729221
best_validation,131,gen_0043_wd300,43,300.0,0.01748824492096901,0.009825988672673702,-0.007662256248295307
best_validation,159,gen_0053_wd270,53,270.0,0.01643925905227661,0.010584688745439053,-0.005854570306837559
best_validation,160,gen_0053_wd285,53,285.0,0.013230797834694386,0.009629099629819393,-0.0036016982048749924
best_validation,161,gen_0053_wd300,53,300.0,0.015955770388245583,0.009569080546498299,-0.006386689841747284
best_validation,171,gen_0057_wd270,57,270.0,0.02292133867740631,0.011569079011678696,-0.011352259665727615
best_validation,172,gen_0057_wd285,57,285.0,0.01712711900472641,0.01089303195476532,-0.00623408704996109
best_validation,173,gen_0057_wd300,57,300.0,0.016765454784035683,0.010012216866016388,-0.006753237918019295
best_validation,180,gen_0060_wd270,60,270.0,0.01325962133705616,0.009082495234906673,-0.0041771261021494865
best_validation,181,gen_0060_wd285,60,285.0,0.013169250451028347,0.008683674968779087,-0.00448557548224926
best_validation,182,gen_0060_wd300,60,300.0,0.01577778346836567,0.009656096808612347,-0.006121686659753323
best_validation,183,gen_0061_wd270,61,270.0,0.022227495908737183,0.011595438234508038,-0.010632057674229145
best_validation,184,gen_0061_wd285,61,285.0,0.014691709540784359,0.009930189698934555,-0.004761519841849804
best_validation,185,gen_0061_wd300,61,300.0,0.0162665992975235,0.0105161527171731,-0.005750446580350399
best_validation,207,gen_0069_wd270,69,270.0,0.013793433085083961,0.009198864921927452,-0.004594568163156509
best_validation,208,gen_0069_wd285,69,285.0,0.015413233079016209,0.010488532483577728,-0.00492470059543848
best_validation,209,gen_0069_wd300,69,300.0,0.016785720363259315,0.00981071125715971,-0.0069750091060996056
best_validation,228,gen_0076_wd270,76,270.0,0.020363444462418556,0.010448439978063107,-0.00991500448435545
best_validation,229,gen_0076_wd285,76,285.0,0.021010546013712883,0.010835304856300354,-0.010175241157412529
best_validation,230,gen_0076_wd300,76,300.0,0.02010703645646572,0.011172030121088028,-0.008935006335377693
best_validation,315,gen_0105_wd270,105,270.0,0.017073526978492737,0.012016179040074348,-0.005057347938418388
best_validation,316,gen_0105_wd285,105,285.0,0.015440156683325768,0.012366794049739838,-0.00307336263358593
best_validation,317,gen_0105_wd300,105,300.0,0.018017254769802094,0.01270825881510973,-0.005308995954692364
best_validation,327,gen_0109_wd270,109,270.0,0.016623452305793762,0.01045046467334032,-0.006172987632453442
best_validation,328,gen_0109_wd285,109,285.0,0.013291352428495884,0.0114184794947505,-0.0018728729337453842
best_validation,329,gen_0109_wd300,109,300.0,0.014362278394401073,0.00970093347132206,-0.004661344923079014
best_validation,366,gen_0122_wd270,122,270.0,0.02000761777162552,0.010139381512999535,-0.009868236258625984
best_validation,367,gen_0122_wd285,122,285.0,0.021695062518119812,0.010425944812595844,-0.011269117705523968
best_validation,368,gen_0122_wd300,122,300.0,0.024669351056218147,0.011989525519311428,-0.01267982553690672
best_validation,387,gen_0129_wd270,129,270.0,0.02186364307999611,0.013549704104661942,-0.008313938975334167
best_validation,388,gen_0129_wd285,129,285.0,0.02244359441101551,0.011188339442014694,-0.011255254969000816
best_validation,389,gen_0129_wd300,129,300.0,0.01856422983109951,0.011943850666284561,-0.006620379164814949
best_validation,411,gen_0137_wd270,137,270.0,0.018639612942934036,0.010955845937132835,-0.007683767005801201
best_validation,412,gen_0137_wd285,137,285.0,0.01582539826631546,0.011792623437941074,-0.004032774828374386
best_validation,413,gen_0137_wd300,137,300.0,0.015227038413286209,0.010614822618663311,-0.004612215794622898
best_validation,426,gen_0142_wd270,142,270.0,0.01963992416858673,0.011793749406933784,-0.007846174761652946
best_validation,427,gen_0142_wd285,142,285.0,0.02033069357275963,0.011583732441067696,-0.008746961131691933
best_validation,428,gen_0142_wd300,142,300.0,0.020690960809588432,0.013073419220745564,-0.007617541588842869
best_validation,462,gen_0154_wd270,154,270.0,0.01654757745563984,0.009449702687561512,-0.007097874768078327
best_validation,463,gen_0154_wd285,154,285.0,0.01348564587533474,0.01010553166270256,-0.0033801142126321793
best_validation,464,gen_0154_wd300,154,300.0,0.018043482676148415,0.009902816265821457,-0.008140666410326958
best_validation,474,gen_0158_wd270,158,270.0,0.019757717847824097,0.013351188972592354,-0.006406528875231743
best_validation,475,gen_0158_wd285,158,285.0,0.019084090366959572,0.01132870465517044,-0.007755385711789131
best_validation,476,gen_0158_wd300,158,300.0,0.019897492602467537,0.01342775858938694,-0.006469734013080597
best_validation,480,gen_0160_wd270,160,270.0,0.020382555201649666,0.009310257621109486,-0.01107229758054018
best_validation,481,gen_0160_wd285,160,285.0,0.017780745401978493,0.00947005394846201,-0.008310691453516483
best_validation,482,gen_0160_wd300,160,300.0,0.01709006167948246,0.00879744254052639,-0.00829261913895607
best_validation,486,gen_0162_wd270,162,270.0,0.059075284749269485,0.012519516982138157,-0.04655576776713133
best_validation,487,gen_0162_wd285,162,285.0,0.0260232612490654,0.0135497460141778,-0.0124735152348876
best_validation,488,gen_0162_wd300,162,300.0,0.03236279636621475,0.014678164385259151,-0.0176846319809556
best_validation,504,gen_0168_wd270,168,270.0,0.021021965891122818,0.011425413191318512,-0.009596552699804306
best_validation,505,gen_0168_wd285,168,285.0,0.027058156207203865,0.012418224476277828,-0.014639931730926037
best_validation,506,gen_0168_wd300,168,300.0,0.030223485082387924,0.013270614668726921,-0.016952870413661003
best_validation,507,gen_0169_wd270,169,270.0,0.018454229459166527,0.011495431885123253,-0.006958797574043274
best_validation,508,gen_0169_wd285,169,285.0,0.019224651157855988,0.011432990431785583,-0.007791660726070404
best_validation,509,gen_0169_wd300,169,300.0,0.017675459384918213,0.011037820018827915,-0.006637639366090298
best_validation,516,gen_0172_wd270,172,270.0,0.016511065885424614,0.014268566854298115,-0.002242499031126499
best_validation,517,gen_0172_wd285,172,285.0,0.013781528919935226,0.009659040719270706,-0.00412248820066452
best_validation,518,gen_0172_wd300,172,300.0,0.016445962712168694,0.0110188452526927,-0.005427117459475994
best_validation,546,gen_0182_wd270,182,270.0,0.03219772130250931,0.014066941104829311,-0.018130780197679996
best_validation,547,gen_0182_wd285,182,285.0,0.02159210853278637,0.013378011994063854,-0.008214096538722515
best_validation,548,gen_0182_wd300,182,300.0,0.027920177206397057,0.012340599671006203,-0.015579577535390854
epoch2500_validation,3,gen_0001_wd270,1,270.0,0.020552806556224823,0.01104014739394188,-0.009512659162282944
epoch2500_validation,4,gen_0001_wd285,1,285.0,0.017093855887651443,0.010291189886629581,-0.006802666001021862
epoch2500_validation,5,gen_0001_wd300,1,300.0,0.017126917839050293,0.009134318679571152,-0.007992599159479141
epoch2500_validation,33,gen_0011_wd270,11,270.0,0.01219287421554327,0.006577854044735432,-0.0056150201708078384
epoch2500_validation,34,gen_0011_wd285,11,285.0,0.011967754922807217,0.006494728848338127,-0.0054730260744690895
epoch2500_validation,35,gen_0011_wd300,11,300.0,0.01571306400001049,0.008417757228016853,-0.007295306771993637
epoch2500_validation,45,gen_0015_wd270,15,270.0,0.014905433170497417,0.008103691972792149,-0.006801741197705269
epoch2500_validation,46,gen_0015_wd285,15,285.0,0.01674746349453926,0.008455743081867695,-0.008291720412671566
epoch2500_validation,47,gen_0015_wd300,15,300.0,0.012970224022865295,0.0070371548645198345,-0.005933069158345461
epoch2500_validation,48,gen_0016_wd270,16,270.0,0.021874675527215004,0.010572542436420918,-0.011302133090794086
epoch2500_validation,49,gen_0016_wd285,16,285.0,0.018139157444238663,0.007798196282237768,-0.010340961162000895
epoch2500_validation,50,gen_0016_wd300,16,300.0,0.01884102262556553,0.009455774910748005,-0.009385247714817524
epoch2500_validation,51,gen_0017_wd270,17,270.0,0.021456895396113396,0.010733612813055515,-0.01072328258305788
epoch2500_validation,52,gen_0017_wd285,17,285.0,0.01969553343951702,0.011686533689498901,-0.00800899975001812
epoch2500_validation,53,gen_0017_wd300,17,300.0,0.02060108818113804,0.013050626963376999,-0.00755046121776104
epoch2500_validation,69,gen_0023_wd270,23,270.0,0.018885409459471703,0.0075595797970891,-0.011325829662382603
epoch2500_validation,70,gen_0023_wd285,23,285.0,0.015308433212339878,0.007648365572094917,-0.007660067640244961
epoch2500_validation,71,gen_0023_wd300,23,300.0,0.014049363322556019,0.008523376658558846,-0.005525986663997173
epoch2500_validation,93,gen_0031_wd270,31,270.0,0.012796273455023766,0.007354017812758684,-0.005442255642265081
epoch2500_validation,94,gen_0031_wd285,31,285.0,0.014433737844228745,0.008384321816265583,-0.0060494160279631615
epoch2500_validation,95,gen_0031_wd300,31,300.0,0.01225288026034832,0.0068948413245379925,-0.0053580389358103275
epoch2500_validation,120,gen_0040_wd270,40,270.0,0.015962956473231316,0.007143009919673204,-0.008819946553558111
epoch2500_validation,121,gen_0040_wd285,40,285.0,0.015332767739892006,0.008467784151434898,-0.0068649835884571075
epoch2500_validation,122,gen_0040_wd300,40,300.0,0.013730400241911411,0.006897107232362032,-0.006833293009549379
epoch2500_validation,126,gen_0042_wd270,42,270.0,0.023661723360419273,0.013375570997595787,-0.010286152362823486
epoch2500_validation,127,gen_0042_wd285,42,285.0,0.02635454759001732,0.012176231481134892,-0.014178316108882427
epoch2500_validation,128,gen_0042_wd300,42,300.0,0.04222305119037628,0.01243401039391756,-0.02978904079645872
epoch2500_validation,129,gen_0043_wd270,43,270.0,0.01635695807635784,0.00920775718986988,-0.007149200886487961
epoch2500_validation,130,gen_0043_wd285,43,285.0,0.01487589068710804,0.007295476272702217,-0.007580414414405823
epoch2500_validation,131,gen_0043_wd300,43,300.0,0.014349325560033321,0.010122525505721569,-0.004226800054311752
epoch2500_validation,159,gen_0053_wd270,53,270.0,0.016662685200572014,0.009389154613018036,-0.007273530587553978
epoch2500_validation,160,gen_0053_wd285,53,285.0,0.014112085103988647,0.008911048993468285,-0.005201036110520363
epoch2500_validation,161,gen_0053_wd300,53,300.0,0.01684287190437317,0.008585826493799686,-0.008257045410573483
epoch2500_validation,171,gen_0057_wd270,57,270.0,0.027220357209444046,0.010838712565600872,-0.016381644643843174
epoch2500_validation,172,gen_0057_wd285,57,285.0,0.01845434680581093,0.010041571222245693,-0.008412775583565235
epoch2500_validation,173,gen_0057_wd300,57,300.0,0.0173494853079319,0.009372069500386715,-0.007977415807545185
epoch2500_validation,180,gen_0060_wd270,60,270.0,0.012149790301918983,0.008667428977787495,-0.003482361324131489
epoch2500_validation,181,gen_0060_wd285,60,285.0,0.012608878314495087,0.008119190111756325,-0.004489688202738762
epoch2500_validation,182,gen_0060_wd300,60,300.0,0.015263768844306469,0.008814970962703228,-0.006448797881603241
epoch2500_validation,183,gen_0061_wd270,61,270.0,0.023245275020599365,0.009866754524409771,-0.013378520496189594
epoch2500_validation,184,gen_0061_wd285,61,285.0,0.017029941082000732,0.009165632538497448,-0.007864308543503284
epoch2500_validation,185,gen_0061_wd300,61,300.0,0.016966039314866066,0.009243064559996128,-0.007722974754869938
epoch2500_validation,207,gen_0069_wd270,69,270.0,0.012778169475495815,0.008062046952545643,-0.004716122522950172
epoch2500_validation,208,gen_0069_wd285,69,285.0,0.013948757201433182,0.008364911191165447,-0.0055838460102677345
epoch2500_validation,209,gen_0069_wd300,69,300.0,0.015027438290417194,0.007702804170548916,-0.0073246341198682785
epoch2500_validation,228,gen_0076_wd270,76,270.0,0.02341298758983612,0.010780959390103817,-0.012632028199732304
epoch2500_validation,229,gen_0076_wd285,76,285.0,0.02357330173254013,0.010411803610622883,-0.013161498121917248
epoch2500_validation,230,gen_0076_wd300,76,300.0,0.020033789798617363,0.009345394559204578,-0.010688395239412785
epoch2500_validation,315,gen_0105_wd270,105,270.0,0.01543506421148777,0.010212128050625324,-0.005222936160862446
epoch2500_validation,316,gen_0105_wd285,105,285.0,0.01649136282503605,0.010434486903250217,-0.0060568759217858315
epoch2500_validation,317,gen_0105_wd300,105,300.0,0.018433403223752975,0.00989459827542305,-0.008538804948329926
epoch2500_validation,327,gen_0109_wd270,109,270.0,0.01635376177728176,0.010013517923653126,-0.006340243853628635
epoch2500_validation,328,gen_0109_wd285,109,285.0,0.013651568442583084,0.009632675908505917,-0.0040188925340771675
epoch2500_validation,329,gen_0109_wd300,109,300.0,0.015440307557582855,0.009365024045109749,-0.006075283512473106
epoch2500_validation,366,gen_0122_wd270,122,270.0,0.021905887871980667,0.009588656015694141,-0.012317231856286526
epoch2500_validation,367,gen_0122_wd285,122,285.0,0.02122773788869381,0.009763398207724094,-0.011464339680969715
epoch2500_validation,368,gen_0122_wd300,122,300.0,0.024948904290795326,0.01193237118422985,-0.013016533106565475
epoch2500_validation,387,gen_0129_wd270,129,270.0,0.022517548874020576,0.011416570283472538,-0.011100978590548038
epoch2500_validation,388,gen_0129_wd285,129,285.0,0.024475419893860817,0.009484713897109032,-0.014990705996751785
epoch2500_validation,389,gen_0129_wd300,129,300.0,0.019183862954378128,0.01141220424324274,-0.007771658711135387
epoch2500_validation,411,gen_0137_wd270,137,270.0,0.01713479869067669,0.00942382961511612,-0.00771096907556057
epoch2500_validation,412,gen_0137_wd285,137,285.0,0.01684177853167057,0.011676723137497902,-0.0051650553941726685
epoch2500_validation,413,gen_0137_wd300,137,300.0,0.01660052314400673,0.009974333457648754,-0.006626189686357975
epoch2500_validation,426,gen_0142_wd270,142,270.0,0.019909100607037544,0.010819300077855587,-0.009089800529181957
epoch2500_validation,427,gen_0142_wd285,142,285.0,0.020922649651765823,0.011196303181350231,-0.009726346470415592
epoch2500_validation,428,gen_0142_wd300,142,300.0,0.02178599312901497,0.011743440292775631,-0.010042552836239338
epoch2500_validation,462,gen_0154_wd270,154,270.0,0.01514248177409172,0.008657686412334442,-0.0064847953617572784
epoch2500_validation,463,gen_0154_wd285,154,285.0,0.012872258201241493,0.00884438119828701,-0.004027877002954483
epoch2500_validation,464,gen_0154_wd300,154,300.0,0.016700726002454758,0.007845975458621979,-0.008854750543832779
epoch2500_validation,474,gen_0158_wd270,158,270.0,0.02060476504266262,0.011953990906476974,-0.008650774136185646
epoch2500_validation,475,gen_0158_wd285,158,285.0,0.01970895379781723,0.01033934485167265,-0.00936960894614458
epoch2500_validation,476,gen_0158_wd300,158,300.0,0.019963741302490234,0.011925795115530491,-0.008037946186959743
epoch2500_validation,480,gen_0160_wd270,160,270.0,0.017473764717578888,0.008725114166736603,-0.008748650550842285
epoch2500_validation,481,gen_0160_wd285,160,285.0,0.013419011607766151,0.007669661194086075,-0.005749350413680077
epoch2500_validation,482,gen_0160_wd300,160,300.0,0.013517241925001144,0.008089577779173851,-0.005427664145827293
epoch2500_validation,486,gen_0162_wd270,162,270.0,0.05012260004878044,0.012611052952706814,-0.03751154709607363
epoch2500_validation,487,gen_0162_wd285,162,285.0,0.02400476485490799,0.012751735746860504,-0.011253029108047485
epoch2500_validation,488,gen_0162_wd300,162,300.0,0.028155332431197166,0.012799604795873165,-0.015355727635324001
epoch2500_validation,504,gen_0168_wd270,168,270.0,0.018790097907185555,0.011942465789616108,-0.0068476321175694466
epoch2500_validation,505,gen_0168_wd285,168,285.0,0.0239590834826231,0.010668196715414524,-0.013290886767208576
epoch2500_validation,506,gen_0168_wd300,168,300.0,0.03056405670940876,0.013190312311053276,-0.017373744398355484
epoch2500_validation,507,gen_0169_wd270,169,270.0,0.02039426565170288,0.009736658073961735,-0.010657607577741146
epoch2500_validation,508,gen_0169_wd285,169,285.0,0.019033158197999,0.010268038138747215,-0.008765120059251785
epoch2500_validation,509,gen_0169_wd300,169,300.0,0.017308594658970833,0.010039162822067738,-0.007269431836903095
epoch2500_validation,516,gen_0172_wd270,172,270.0,0.017227768898010254,0.01300055906176567,-0.004227209836244583
epoch2500_validation,517,gen_0172_wd285,172,285.0,0.014586160890758038,0.008399500511586666,-0.0061866603791713715
epoch2500_validation,518,gen_0172_wd300,172,300.0,0.016144704073667526,0.008427376858890057,-0.00771732721477747
epoch2500_validation,546,gen_0182_wd270,182,270.0,0.03218602389097214,0.01305389404296875,-0.019132129848003387
epoch2500_validation,547,gen_0182_wd285,182,285.0,0.02400142513215542,0.012117868289351463,-0.011883556842803955
epoch2500_validation,548,gen_0182_wd300,182,300.0,0.0287797674536705,0.011865003034472466,-0.016914764419198036
best_test,18,gen_0006_wd270,6,270.0,0.018232813104987144,0.012146922759711742,-0.006085890345275402
best_test,19,gen_0006_wd285,6,285.0,0.013874495401978493,0.010930444113910198,-0.0029440512880682945
best_test,20,gen_0006_wd300,6,300.0,0.01820754073560238,0.012066422030329704,-0.0061411187052726746
best_test,42,gen_0014_wd270,14,270.0,0.01950538530945778,0.011193192563951015,-0.008312192745506763
best_test,43,gen_0014_wd285,14,285.0,0.01990421488881111,0.012333767488598824,-0.007570447400212288
best_test,44,gen_0014_wd300,14,300.0,0.018914202228188515,0.011741726659238338,-0.007172475568950176
best_test,57,gen_0019_wd270,19,270.0,0.02170442044734955,0.012087073177099228,-0.00961734727025032
best_test,58,gen_0019_wd285,19,285.0,0.017082858830690384,0.010548535734415054,-0.00653432309627533
best_test,59,gen_0019_wd300,19,300.0,0.014502431266009808,0.009341202676296234,-0.0051612285897135735
best_test,66,gen_0022_wd270,22,270.0,0.022359216585755348,0.01267332211136818,-0.009685894474387169
best_test,67,gen_0022_wd285,22,285.0,0.02079826407134533,0.012490547262132168,-0.008307716809213161
best_test,68,gen_0022_wd300,22,300.0,0.026250367984175682,0.013535646721720695,-0.012714721262454987
best_test,90,gen_0030_wd270,30,270.0,0.023586055263876915,0.012916484847664833,-0.010669570416212082
best_test,91,gen_0030_wd285,30,285.0,0.02315177395939827,0.012338874861598015,-0.010812899097800255
best_test,92,gen_0030_wd300,30,300.0,0.020138045772910118,0.012557393871247768,-0.00758065190166235
best_test,102,gen_0034_wd270,34,270.0,0.017076551914215088,0.010812502354383469,-0.006264049559831619
best_test,103,gen_0034_wd285,34,285.0,0.016487468034029007,0.01124576386064291,-0.005241704173386097
best_test,104,gen_0034_wd300,34,300.0,0.01628994196653366,0.01119096390902996,-0.0050989780575037
best_test,105,gen_0035_wd270,35,270.0,0.0220037791877985,0.011395582929253578,-0.010608196258544922
best_test,106,gen_0035_wd285,35,285.0,0.014816577546298504,0.008668784983456135,-0.006147792562842369
best_test,107,gen_0035_wd300,35,300.0,0.01599706895649433,0.00898725911974907,-0.007009809836745262
best_test,108,gen_0036_wd270,36,270.0,0.019237587228417397,0.00943682435899973,-0.009800762869417667
best_test,109,gen_0036_wd285,36,285.0,0.01994321122765541,0.01093404833227396,-0.00900916289538145
best_test,110,gen_0036_wd300,36,300.0,0.01783417910337448,0.010996726341545582,-0.006837452761828899
best_test,123,gen_0041_wd270,41,270.0,0.018615443259477615,0.010888363234698772,-0.007727080024778843
best_test,124,gen_0041_wd285,41,285.0,0.019512703642249107,0.011429326608777046,-0.008083377033472061
best_test,125,gen_0041_wd300,41,300.0,0.016591016203165054,0.01133075449615717,-0.005260261707007885
best_test,132,gen_0044_wd270,44,270.0,0.01554076187312603,0.010271662846207619,-0.005269099026918411
best_test,133,gen_0044_wd285,44,285.0,0.017248662188649178,0.011065677739679813,-0.006182984448969364
best_test,134,gen_0044_wd300,44,300.0,0.018329784274101257,0.01144650299102068,-0.006883281283080578
best_test,141,gen_0047_wd270,47,270.0,0.01583622209727764,0.007818362675607204,-0.008017859421670437
best_test,142,gen_0047_wd285,47,285.0,0.020015660673379898,0.008630447089672089,-0.01138521358370781
best_test,143,gen_0047_wd300,47,300.0,0.01687680371105671,0.008765559643507004,-0.008111244067549706
best_test,147,gen_0049_wd270,49,270.0,0.02057863399386406,0.012010008096694946,-0.008568625897169113
best_test,148,gen_0049_wd285,49,285.0,0.01924249902367592,0.012502572499215603,-0.006739926524460316
best_test,149,gen_0049_wd300,49,300.0,0.020271487534046173,0.012606734409928322,-0.007664753124117851
best_test,174,gen_0058_wd270,58,270.0,0.016172470524907112,0.009919339790940285,-0.006253130733966827
best_test,175,gen_0058_wd285,58,285.0,0.015349426306784153,0.01150206383317709,-0.0038473624736070633
best_test,176,gen_0058_wd300,58,300.0,0.0164194293320179,0.009540826082229614,-0.006878603249788284
best_test,192,gen_0064_wd270,64,270.0,0.02036886475980282,0.009117722511291504,-0.011251142248511314
best_test,193,gen_0064_wd285,64,285.0,0.0182803962379694,0.00929468683898449,-0.008985709398984909
best_test,194,gen_0064_wd300,64,300.0,0.020646164193749428,0.010052742436528206,-0.010593421757221222
best_test,231,gen_0077_wd270,77,270.0,0.0164721067994833,0.01083998754620552,-0.005632119253277779
best_test,232,gen_0077_wd285,77,285.0,0.01657361164689064,0.01099346112459898,-0.00558015052229166
best_test,233,gen_0077_wd300,77,300.0,0.01684652455151081,0.011241458356380463,-0.005605066195130348
best_test,291,gen_0097_wd270,97,270.0,0.021981528028845787,0.011602374725043774,-0.010379153303802013
best_test,292,gen_0097_wd285,97,285.0,0.018932970240712166,0.01162103284150362,-0.007311937399208546
best_test,293,gen_0097_wd300,97,300.0,0.02311556413769722,0.011778137646615505,-0.011337426491081715
best_test,306,gen_0102_wd270,102,270.0,0.021818291395902634,0.011139336973428726,-0.010678954422473907
best_test,307,gen_0102_wd285,102,285.0,0.01640784554183483,0.010970019735395908,-0.005437825806438923
best_test,308,gen_0102_wd300,102,300.0,0.016320476308465004,0.011591468937695026,-0.004729007370769978
best_test,330,gen_0110_wd270,110,270.0,0.022813433781266212,0.011896386742591858,-0.010917047038674355
best_test,331,gen_0110_wd285,110,285.0,0.01980588398873806,0.011770391836762428,-0.008035492151975632
best_test,332,gen_0110_wd300,110,300.0,0.019398987293243408,0.01179551612585783,-0.007603471167385578
best_test,339,gen_0113_wd270,113,270.0,0.02554512768983841,0.013067859224975109,-0.0124772684648633
best_test,340,gen_0113_wd285,113,285.0,0.030497640371322632,0.012251310050487518,-0.018246330320835114
best_test,341,gen_0113_wd300,113,300.0,0.02704610675573349,0.01385548710823059,-0.0131906196475029
best_test,408,gen_0136_wd270,136,270.0,0.03336068242788315,0.009860267862677574,-0.023500414565205574
best_test,409,gen_0136_wd285,136,285.0,0.020161794498562813,0.00970381498336792,-0.010457979515194893
best_test,410,gen_0136_wd300,136,300.0,0.01856481097638607,0.00780563335865736,-0.01075917761772871
best_test,417,gen_0139_wd270,139,270.0,0.016822393983602524,0.008491563610732555,-0.008330830372869968
best_test,418,gen_0139_wd285,139,285.0,0.014795701950788498,0.008108122274279594,-0.0066875796765089035
best_test,419,gen_0139_wd300,139,300.0,0.014986013062298298,0.008904337882995605,-0.006081675179302692
best_test,420,gen_0140_wd270,140,270.0,0.01816929690539837,0.009510630741715431,-0.008658666163682938
best_test,421,gen_0140_wd285,140,285.0,0.018094507977366447,0.009232713840901852,-0.008861794136464596
best_test,422,gen_0140_wd300,140,300.0,0.016108360141515732,0.0099337724968791,-0.006174587644636631
best_test,423,gen_0141_wd270,141,270.0,0.019533317536115646,0.013261856511235237,-0.006271461024880409
best_test,424,gen_0141_wd285,141,285.0,0.017033694311976433,0.012052895501255989,-0.004980798810720444
best_test,425,gen_0141_wd300,141,300.0,0.01565815508365631,0.010639676824212074,-0.005018478259444237
best_test,489,gen_0163_wd270,163,270.0,0.015010210685431957,0.008940482512116432,-0.006069728173315525
best_test,490,gen_0163_wd285,163,285.0,0.014199883677065372,0.008981629274785519,-0.005218254402279854
best_test,491,gen_0163_wd300,163,300.0,0.015302621759474277,0.00857052393257618,-0.006732097826898098
best_test,525,gen_0175_wd270,175,270.0,0.01829349808394909,0.007973398081958294,-0.010320100001990795
best_test,526,gen_0175_wd285,175,285.0,0.020552365109324455,0.007913339883089066,-0.01263902522623539
best_test,527,gen_0175_wd300,175,300.0,0.019345486536622047,0.009070399217307568,-0.01027508731931448
best_test,543,gen_0181_wd270,181,270.0,0.01907838135957718,0.011560646817088127,-0.007517734542489052
best_test,544,gen_0181_wd285,181,285.0,0.015622971579432487,0.009710702113807201,-0.005912269465625286
best_test,545,gen_0181_wd300,181,300.0,0.020258257165551186,0.01010849792510271,-0.010149759240448475
best_test,549,gen_0183_wd270,183,270.0,0.02338291145861149,0.00896162074059248,-0.014421290718019009
best_test,550,gen_0183_wd285,183,285.0,0.02290116436779499,0.008224320597946644,-0.014676843769848347
best_test,551,gen_0183_wd300,183,300.0,0.017092671245336533,0.007467791438102722,-0.00962487980723381
best_test,552,gen_0184_wd270,184,270.0,0.02278934046626091,0.010271437466144562,-0.012517903000116348
best_test,553,gen_0184_wd285,184,285.0,0.01794498600065708,0.00978783331811428,-0.008157152682542801
best_test,554,gen_0184_wd300,184,300.0,0.01699790358543396,0.007852653041481972,-0.009145250543951988
best_test,579,gen_0193_wd270,193,270.0,0.01805689185857773,0.011548468843102455,-0.006508423015475273
best_test,580,gen_0193_wd285,193,285.0,0.019469162449240685,0.011829502880573273,-0.007639659568667412
best_test,581,gen_0193_wd300,193,300.0,0.021449899300932884,0.012955510057508945,-0.008494389243423939
best_test,582,gen_0194_wd270,194,270.0,0.015528912656009197,0.009886564686894417,-0.00564234796911478
best_test,583,gen_0194_wd285,194,285.0,0.015395323745906353,0.011385089717805386,-0.004010234028100967
best_test,584,gen_0194_wd300,194,300.0,0.01499328762292862,0.0102334413677454,-0.00475984625518322
