endpoint,stratum,classic_cases,dense_cases,classic_layouts,dense_layouts,classic_mean_volume_rmse_mps,dense_mean_volume_rmse_mps,dense_minus_classic_volume_rmse_mps,dense_reduction_percent_volume_rmse,classic_max_volume_rmse_mps,dense_max_volume_rmse_mps
best_validation,M=10,6,6,2,2,0.01792370993643999,0.009341763332486153,-0.008581946603953838,47.88041445876235,0.022448835894465446,0.010966053232550621
best_validation,M=11,3,3,1,1,0.01841778742770354,0.009192584703365961,-0.00922520272433758,50.08855032424404,0.020382555201649666,0.00947005394846201
best_validation,M=12,6,6,2,2,0.01533801838134726,0.008378019168352088,-0.0069599992129951715,45.37743429398485,0.01819714717566967,0.009467614814639091
best_validation,M=13,3,3,1,1,0.016298916190862656,0.009610199369490147,-0.006688716821372509,41.0378011828926,0.01748824492096901,0.010464114136993885
best_validation,M=15,3,3,1,1,0.014068885085483393,0.009140755670766035,-0.0049281294147173575,35.02857109695435,0.01577778346836567,0.009656096808612347
best_validation,M=17,6,6,2,2,0.018036597408354282,0.011233704630285501,-0.006802892778068781,37.71716263355628,0.021010546013712883,0.014268566854298115
best_validation,M=18,3,3,1,1,0.016025568669040997,0.009819350205361843,-0.0062062184636791536,38.726978067671574,0.018043482676148415,0.01010553166270256
best_validation,M=19,6,6,2,2,0.01872740297888716,0.010342160084595283,-0.008385242894291876,44.775257432892346,0.024669351056218147,0.011989525519311428
best_validation,M=20,3,3,1,1,0.01520860909173886,0.009927622973918915,-0.0052809861178199444,34.723662670036774,0.01643925905227661,0.010584688745439053
best_validation,M=21,3,3,1,1,0.03335595068832239,0.012769081940253576,-0.02058686874806881,61.718728812235845,0.05023210868239403,0.012852141633629799
best_validation,M=22,3,3,1,1,0.014759027709563574,0.01052329254647096,-0.004235735163092613,28.699283221400393,0.016623452305793762,0.0114184794947505
best_validation,M=23,3,3,1,1,0.017728601582348347,0.01068059355020523,-0.007048008032143116,39.755013949665006,0.022227495908737183,0.011595438234508038
best_validation,M=24,9,9,3,3,0.027651488780975342,0.012655141349467967,-0.014996347431507375,54.23341777468813,0.059075284749269485,0.014678164385259151
best_validation,M=25,6,6,2,2,0.017647546405593555,0.011842912373443445,-0.00580463403215011,32.892017387245836,0.019224651157855988,0.01270825881510973
best_validation,M=27,3,3,1,1,0.018937970822056133,0.010824775944153467,-0.008113194877902666,42.84088804516281,0.02292133867740631,0.011569079011678696
best_validation,M=28,9,9,3,3,0.019328831384579342,0.012088465297387706,-0.007240366087191636,37.458892072326954,0.02244359441101551,0.013549704104661942
best_validation,M=29,3,3,1,1,0.020469069480895996,0.012571345393856367,-0.007897724087039629,38.58369866012063,0.021579453721642494,0.013417374342679977
best_validation,M=30,3,3,1,1,0.02022052618364493,0.012150300356249014,-0.008070225827395918,39.91105747744289,0.020690960809588432,0.013073419220745564
best_validation,M=8,3,3,1,1,0.017725870013237,0.008794779268403849,-0.008931090744833151,50.384498691256084,0.019441409036517143,0.009239079430699348
best_validation,M=9,6,6,2,2,0.021562222701807816,0.010333179185787836,-0.01122904351601998,52.077393278562674,0.030223485082387924,0.013270614668726921
best_validation,M_bin=11-15,15,15,5,5,0.01589232509334882,0.008939915616065264,-0.006952409477283556,43.74696236357036,0.020382555201649666,0.010464114136993885
best_validation,M_bin=16-20,18,18,6,6,0.017460363089210458,0.010483117101507055,-0.006977245987703403,39.960486228461974,0.024669351056218147,0.014268566854298115
best_validation,M_bin=21-25,24,24,8,8,0.02301164239179343,0.01195302710402757,-0.01105861528776586,48.05661021270546,0.059075284749269485,0.014678164385259151
best_validation,M_bin=26-30,18,18,6,6,0.019602343440055847,0.011968636264403662,-0.0076337071756521855,38.94282945810094,0.02292133867740631,0.013549704104661942
best_validation,M_bin=6-10,15,15,5,5,0.019339547057946525,0.009628932860990366,-0.009710614196956159,50.211176962213884,0.030223485082387924,0.013270614668726921
best_validation,aspect_xy_bin=1,29,29,13,13,0.021031185213861794,0.010518261825601602,-0.010512923388260192,49.98730828223154,0.059075284749269485,0.014678164385259151
best_validation,aspect_xy_bin=2,18,18,14,14,0.018325841778682336,0.011056915391236544,-0.007268926387445793,39.66489766326272,0.030223485082387924,0.01342775858938694
best_validation,aspect_xy_bin=3,24,24,14,14,0.01926766037164877,0.011015231759908298,-0.008252428611740472,42.83046541490547,0.03219772130250931,0.014268566854298115
best_validation,aspect_xy_bin=4,19,19,11,11,0.0181943602663906,0.01058512136928345,-0.00760923889710715,41.821964530202585,0.022448835894465446,0.013351188972592354
best_validation,direction=270,30,30,30,30,0.020406495252003273,0.01096022284279267,-0.009446272409210603,46.290518251943716,0.059075284749269485,0.014268566854298115
best_validation,direction=285,30,30,30,30,0.017980540233353774,0.01056316305572788,-0.007417377177625894,41.25224871645799,0.027058156207203865,0.0135497460141778
best_validation,direction=300,30,30,30,30,0.019875838421285152,0.01079451204277575,-0.009081326378509402,45.69028076211444,0.05023210868239403,0.014678164385259151
best_validation,mean_nn_D_bin=1,27,27,9,9,0.025218396896013507,0.01225011243864342,-0.012968284457370086,51.42390498033639,0.059075284749269485,0.014678164385259151
best_validation,mean_nn_D_bin=2,18,18,6,6,0.0176343135535717,0.010771182210495075,-0.006863131343076626,38.919186291130394,0.022448835894465446,0.013549704104661942
best_validation,mean_nn_D_bin=3,27,27,9,9,0.017215897053204202,0.010583145992347488,-0.006632751060856715,38.526897787311256,0.02292133867740631,0.014268566854298115
best_validation,mean_nn_D_bin=4,18,18,6,6,0.0158190353670054,0.008842093378512396,-0.006976941988493005,44.104724634759854,0.019441409036517143,0.010464114136993885
best_validation,min_sep_D_bin=1,27,27,9,9,0.025218396896013507,0.01225011243864342,-0.012968284457370086,51.42390498033639,0.059075284749269485,0.014678164385259151
best_validation,min_sep_D_bin=2,18,18,6,6,0.0176343135535717,0.010771182210495075,-0.006863131343076626,38.919186291130394,0.022448835894465446,0.013549704104661942
best_validation,min_sep_D_bin=3,27,27,9,9,0.017215897053204202,0.010583145992347488,-0.006632751060856715,38.526897787311256,0.02292133867740631,0.014268566854298115
best_validation,min_sep_D_bin=4,18,18,6,6,0.0158190353670054,0.008842093378512396,-0.006976941988493005,44.104724634759854,0.019441409036517143,0.010464114136993885
best_validation,nn_dispersion_bin=1,24,24,8,8,0.022844845079816878,0.011664423975162208,-0.01118042110465467,48.9406737738503,0.059075284749269485,0.014678164385259151
best_validation,nn_dispersion_bin=2,27,27,9,9,0.0176250365804191,0.010325849797852614,-0.007299186782566485,41.41373976310307,0.02292133867740631,0.01342775858938694
best_validation,nn_dispersion_bin=3,15,15,5,5,0.019399104515711467,0.01043121845771869,-0.008967886057992777,46.22835064747254,0.05023210868239403,0.012852141633629799
best_validation,nn_dispersion_bin=4,24,24,8,8,0.01803114082819472,0.010596855892799795,-0.007434284935394924,41.23025274013816,0.024669351056218147,0.013073419220745564
best_validation,volume_quartile=1,19,19,7,7,0.024003862256282253,0.011138014887508593,-0.01286584736877366,53.599071813563796,0.05023210868239403,0.014066941104829311
best_validation,volume_quartile=2,23,23,11,11,0.020611147477251034,0.01086100166582543,-0.009750145811425604,47.30520618605562,0.059075284749269485,0.014678164385259151
best_validation,volume_quartile=3,25,25,13,13,0.016384688429534434,0.010177260134369134,-0.006207428295165299,37.885543700519925,0.022227495908737183,0.01342775858938694
best_validation,volume_quartile=4,23,23,10,10,0.017745183983250805,0.011029570161000542,-0.006715613822250263,37.844712281309384,0.02292133867740631,0.013549704104661942
epoch2500_validation,M=10,6,6,2,2,0.017246329380820196,0.008570517258097729,-0.008675812122722467,50.30526746387506,0.021874675527215004,0.010572542436420918
epoch2500_validation,M=11,3,3,1,1,0.01480333941678206,0.00816145104666551,-0.0066418883701165506,44.86750038701984,0.017473764717578888,0.008725114166736603
epoch2500_validation,M=12,6,6,2,2,0.013226097449660301,0.007353920179108779,-0.005872177270551522,44.398412252000625,0.01571306400001049,0.008417757228016853
epoch2500_validation,M=13,3,3,1,1,0.015194058107833067,0.008875252989431223,-0.006318805118401844,41.587343378292594,0.01635695807635784,0.010122525505721569
epoch2500_validation,M=15,3,3,1,1,0.013340812486906847,0.008533863350749016,-0.004806949136157831,36.03190690878493,0.015263768844306469,0.008814970962703228
epoch2500_validation,M=17,6,6,2,2,0.019163118830571573,0.010060932332028946,-0.009102186498542627,47.498460866514066,0.02357330173254013,0.01300055906176567
epoch2500_validation,M=18,3,3,1,1,0.014905155325929323,0.00844934768974781,-0.006455807636181513,43.312582089975635,0.016700726002454758,0.00884438119828701
epoch2500_validation,M=19,6,6,2,2,0.018306149169802666,0.009235697953651348,-0.009070451216151318,49.54865784177969,0.024948904290795326,0.01193237118422985
epoch2500_validation,M=20,3,3,1,1,0.015872547402977943,0.008962010033428669,-0.0069105373695492744,43.53767038208843,0.01684287190437317,0.009389154613018036
epoch2500_validation,M=21,3,3,1,1,0.03074644071360429,0.01266193762421608,-0.01808450308938821,58.81820031736686,0.04222305119037628,0.013375570997595787
epoch2500_validation,M=22,3,3,1,1,0.0151485459258159,0.009670405959089598,-0.005478139966726303,36.162810566462014,0.01635376177728176,0.010013517923653126
epoch2500_validation,M=23,3,3,1,1,0.01908041847248872,0.009425150540967783,-0.009655267931520937,50.60301976836868,0.023245275020599365,0.009866754524409771
epoch2500_validation,M=24,9,9,3,3,0.026425223797559738,0.011808227230277326,-0.014616996567282412,55.3145611150216,0.05012260004878044,0.01305389404296875
epoch2500_validation,M=25,6,6,2,2,0.017849308128158253,0.010097512044012547,-0.007751796084145706,43.42911236944152,0.02039426565170288,0.010434486903250217
epoch2500_validation,M=27,3,3,1,1,0.021008063107728958,0.010084117762744427,-0.010923945344984531,51.998822018796986,0.027220357209444046,0.010838712565600872
epoch2500_validation,M=28,9,9,3,3,0.020136430238684017,0.01077758613973856,-0.009358844098945458,46.47717588476144,0.024475419893860817,0.011953990906476974
epoch2500_validation,M=29,3,3,1,1,0.020584505672256153,0.011823591155310472,-0.00876091451694568,42.56072337337526,0.021456895396113396,0.013050626963376999
epoch2500_validation,M=30,3,3,1,1,0.020872581129272778,0.01125301451732715,-0.009619566611945627,46.087096523269246,0.02178599312901497,0.011743440292775631
epoch2500_validation,M=8,3,3,1,1,0.0160810686647892,0.007910440675914288,-0.008170627988874912,50.80898638760969,0.018885409459471703,0.008523376658558846
epoch2500_validation,M=9,6,6,2,2,0.019723227092375357,0.009718146019925674,-0.010005081072449682,50.7274039161546,0.03056405670940876,0.013190312311053276
epoch2500_validation,M_bin=11-15,15,15,5,5,0.013958080982168516,0.00805568154901266,-0.005902399433155856,42.28661118026315,0.017473764717578888,0.010122525505721569
epoch2500_validation,M_bin=16-20,18,18,6,6,0.01761937312160929,0.009334103049089512,-0.008285270072519777,47.023637080244946,0.024948904290795326,0.01300055906176567
epoch2500_validation,M_bin=21-25,24,24,8,8,0.02249371159511308,0.010922149987891316,-0.011571561607221763,51.44354037923989,0.05012260004878044,0.013375570997595787
epoch2500_validation,M_bin=26-30,18,18,6,6,0.02047907343755166,0.010915580309099622,-0.009563493128452037,46.69885655527677,0.027220357209444046,0.013050626963376999
epoch2500_validation,M_bin=6-10,15,15,5,5,0.018004036322236062,0.008897553446392219,-0.009106482875843843,50.58022941553829,0.03056405670940876,0.013190312311053276
epoch2500_validation,aspect_xy_bin=1,29,29,13,13,0.0196612236122119,0.009673086492794341,-0.00998813711941756,50.80119791330672,0.05012260004878044,0.012799604795873165
epoch2500_validation,aspect_xy_bin=2,18,18,14,14,0.017799704283889797,0.009998375084251165,-0.007801329199638631,43.82842026594498,0.03056405670940876,0.013375570997595787
epoch2500_validation,aspect_xy_bin=3,24,24,14,14,0.01909511536359787,0.009934408066328615,-0.009160707297269255,47.974087209406676,0.03218602389097214,0.01305389404296875
epoch2500_validation,aspect_xy_bin=4,19,19,11,11,0.018747365543324696,0.009579387983601344,-0.009167977559723352,48.90275136811294,0.02357330173254013,0.011953990906476974
epoch2500_validation,direction=270,30,30,30,30,0.019977106681714454,0.010014275492479404,-0.00996283118923505,49.871241856831446,0.05012260004878044,0.013375570997595787
epoch2500_validation,direction=285,30,30,30,30,0.01782905953004956,0.009565325221046805,-0.008263734309002756,46.34980490740324,0.02635454759001732,0.012751735746860504
epoch2500_validation,direction=300,30,30,30,30,0.019028929652025302,0.009784546789402764,-0.009244382862622538,48.58067706208916,0.04222305119037628,0.013190312311053276
epoch2500_validation,mean_nn_D_bin=1,27,27,9,9,0.024691558477503282,0.011501566403441958,-0.013189992074061324,53.41903422612572,0.05012260004878044,0.013375570997595787
epoch2500_validation,mean_nn_D_bin=2,18,18,6,6,0.018339433500336275,0.009709908756323986,-0.008629524744012289,47.05447823049745,0.024475419893860817,0.011416570283472538
epoch2500_validation,mean_nn_D_bin=3,27,27,9,9,0.0166830915129847,0.0093305552792218,-0.007352536233762901,44.07178506477838,0.027220357209444046,0.01300055906176567
epoch2500_validation,mean_nn_D_bin=4,18,18,6,6,0.014323751286913952,0.007982154557895329,-0.006341596729018623,44.27329546563858,0.018885409459471703,0.010122525505721569
epoch2500_validation,min_sep_D_bin=1,27,27,9,9,0.024691558477503282,0.011501566403441958,-0.013189992074061324,53.41903422612572,0.05012260004878044,0.013375570997595787
epoch2500_validation,min_sep_D_bin=2,18,18,6,6,0.018339433500336275,0.009709908756323986,-0.008629524744012289,47.05447823049745,0.024475419893860817,0.011416570283472538
epoch2500_validation,min_sep_D_bin=3,27,27,9,9,0.0166830915129847,0.0093305552792218,-0.007352536233762901,44.07178506477838,0.027220357209444046,0.01300055906176567
epoch2500_validation,min_sep_D_bin=4,18,18,6,6,0.014323751286913952,0.007982154557895329,-0.006341596729018623,44.27329546563858,0.018885409459471703,0.010122525505721569
epoch2500_validation,nn_dispersion_bin=1,24,24,8,8,0.022349037618065875,0.010661199281457812,-0.011687838336608063,52.29683056759537,0.05012260004878044,0.013190312311053276
epoch2500_validation,nn_dispersion_bin=2,27,27,9,9,0.017173707761146403,0.009285478680222123,-0.00788822908092428,45.93200950333228,0.027220357209444046,0.013050626963376999
epoch2500_validation,nn_dispersion_bin=3,15,15,5,5,0.018157871502141158,0.009620112522194782,-0.008537758979946375,47.019602374318,0.04222305119037628,0.013375570997595787
epoch2500_validation,nn_dispersion_bin=4,24,24,8,8,0.018025741291542847,0.009585251255581776,-0.008440490035961071,46.824648703468874,0.024948904290795326,0.01193237118422985
epoch2500_validation,volume_quartile=1,19,19,7,7,0.02322993138314862,0.01052641964174415,-0.01270351174140447,54.685963259537694,0.04222305119037628,0.013375570997595787
epoch2500_validation,volume_quartile=2,23,23,11,11,0.01967273255729157,0.009817569314137749,-0.00985516324315382,50.095548315178355,0.05012260004878044,0.01300055906176567
epoch2500_validation,volume_quartile=3,25,25,13,13,0.01626097783446312,0.009238970372825861,-0.007022007461637258,43.18318082172763,0.023245275020599365,0.011925795115530491
epoch2500_validation,volume_quartile=4,23,23,10,10,0.017595081954546597,0.009745395580387634,-0.007849686374158962,44.61295715721626,0.027220357209444046,0.013050626963376999
best_test,M=11,3,3,1,1,0.019765141730507214,0.009488383928934732,-0.010276757801572481,51.99435421052636,0.020646164193749428,0.010052742436528206
best_test,M=12,3,3,1,1,0.01553470299889644,0.008501341256002585,-0.007033361742893856,45.27516067345152,0.016822393983602524,0.008904337882995605
best_test,M=14,3,3,1,1,0.01900499251981576,0.01045586634427309,-0.008549126175542671,44.983580849236496,0.01994321122765541,0.010996726341545582
best_test,M=16,6,6,2,2,0.016221690302093823,0.009257377125322819,-0.006964313176771004,42.932105391459004,0.0220037791877985,0.011395582929253578
best_test,M=17,6,6,2,2,0.0174014864799877,0.010793442527453104,-0.0066080439525345955,37.97401997889129,0.02170442044734955,0.012087073177099228
best_test,M=18,3,3,1,1,0.01745738834142685,0.009559039026498795,-0.007898349314928055,45.2435906245212,0.01816929690539837,0.0099337724968791
best_test,M=19,3,3,1,1,0.01598044205456972,0.010320743235448996,-0.005659698819120726,35.41640963243751,0.0164194293320179,0.01150206383317709
best_test,M=20,3,3,1,1,0.01831987003485362,0.010459948951999346,-0.007859921082854273,42.903803727323094,0.020258257165551186,0.011560646817088127
best_test,M=22,6,6,2,2,0.017019568321605522,0.011504889310648045,-0.005514679010957478,32.401991089026964,0.019533317536115646,0.013261856511235237
best_test,M=23,6,6,2,2,0.01596191432327032,0.010792387649416924,-0.005169526673853397,32.386633389686374,0.017076551914215088,0.011385089717805386
best_test,M=25,6,6,2,2,0.020687835291028023,0.012057993405809006,-0.008629841885219017,41.71457169789842,0.026250367984175682,0.013535646721720695
best_test,M=26,3,3,1,1,0.018182204415400822,0.011233608548839888,-0.006948595866560934,38.21646543955519,0.021818291395902634,0.011591468937695026
best_test,M=27,6,6,2,2,0.01821513380855322,0.01191287844752272,-0.0063022553610304986,34.59900666813202,0.021449899300932884,0.012955510057508945
best_test,M=28,6,6,2,2,0.021817656233906746,0.012135716465612253,-0.009681939768294493,44.37662627229328,0.023586055263876915,0.012916484847664833
best_test,M=29,6,6,2,2,0.020351820935805637,0.012096934951841831,-0.008254885983963806,40.560920863060026,0.022813433781266212,0.012606734409928322
best_test,M=30,6,6,2,2,0.023568779540558655,0.012407223849246899,-0.011161555691311756,47.357376618098705,0.030497640371322632,0.01385548710823059
best_test,M=7,3,3,1,1,0.019244076684117317,0.00930397460858027,-0.009940102075537046,51.65278770553276,0.02278934046626091,0.010271437466144562
best_test,M=8,6,6,2,2,0.022577339162429173,0.008670574830224117,-0.013906764332205055,61.59611738192437,0.03336068242788315,0.009860267862677574
best_test,M=9,6,6,2,2,0.018486672701934975,0.008361917765190205,-0.01012475493674477,54.76785952771819,0.020552365109324455,0.009070399217307568
best_test,M_bin=11-15,9,9,3,3,0.01810161241640647,0.009481863843070136,-0.008619748573336335,47.61867824284974,0.020646164193749428,0.010996726341545582
best_test,M_bin=16-20,21,21,7,7,0.01700057914214475,0.010063052931356998,-0.006937526210787751,40.80758751088365,0.0220037791877985,0.012087073177099228
best_test,M_bin=21-25,18,18,6,6,0.01788977264530129,0.011451756788624657,-0.0064380158566766325,35.98713066019631,0.026250367984175682,0.013535646721720695
best_test,M_bin=26-30,27,27,9,9,0.020676553939227706,0.012037679553031921,-0.008638874386195785,41.781016370460314,0.030497640371322632,0.01385548710823059
best_test,M_bin=6-10,15,15,5,5,0.020274420082569123,0.008673791959881782,-0.011600628122687341,57.21805149268339,0.03336068242788315,0.010271437466144562
best_test,aspect_xy_bin=1,25,25,15,15,0.01854147605597973,0.010517020635306835,-0.008024455420672894,43.27840672687417,0.02338291145861149,0.012606734409928322
best_test,aspect_xy_bin=2,20,20,16,16,0.01874319640919566,0.01086590369231999,-0.007877292716875671,42.027477837296566,0.02704610675573349,0.01385548710823059
best_test,aspect_xy_bin=3,25,25,17,17,0.018436615318059922,0.010521160215139389,-0.007915455102920533,42.93334197392949,0.022813433781266212,0.013261856511235237
best_test,aspect_xy_bin=4,20,20,14,14,0.020250481320545077,0.010732207028195263,-0.009518274292349815,47.00270646255243,0.03336068242788315,0.013067859224975109
best_test,direction=270,30,30,30,30,0.019982484355568885,0.010716674911479155,-0.00926580944408973,46.369656941617755,0.03336068242788315,0.013261856511235237
best_test,direction=285,30,30,30,30,0.018469923983017604,0.010615057374040286,-0.007854866608977319,42.52787730041321,0.030497640371322632,0.012502572499215603
best_test,direction=300,30,30,30,30,0.018358452959607044,0.010598825570195914,-0.00775962738941113,42.267327244208175,0.02704610675573349,0.01385548710823059
best_test,mean_nn_D_bin=1,24,24,8,8,0.021114733768627048,0.011594725656323135,-0.009520008112303913,45.08703835256994,0.030497640371322632,0.01385548710823059
best_test,mean_nn_D_bin=2,27,27,9,9,0.01771009589234988,0.010755281033063377,-0.006954814859286503,39.27033993243781,0.02278934046626091,0.013261856511235237
best_test,mean_nn_D_bin=3,24,24,8,8,0.017767144134268165,0.010897989695270857,-0.006869154438997308,38.66211917394484,0.02311556413769722,0.012146922759711742
best_test,mean_nn_D_bin=4,15,15,5,5,0.019532545345524947,0.008513265289366245,-0.011019280056158702,56.41497235117543,0.03336068242788315,0.009860267862677574
best_test,min_sep_D_bin=1,24,24,8,8,0.021114733768627048,0.011594725656323135,-0.009520008112303913,45.08703835256994,0.030497640371322632,0.01385548710823059
best_test,min_sep_D_bin=2,24,24,8,8,0.018069161373811465,0.010995831340551376,-0.007073330033260088,39.145867851464416,0.02278934046626091,0.013261856511235237
best_test,min_sep_D_bin=3,30,30,10,10,0.01810038210824132,0.010513803487022718,-0.007586578621218603,41.91391416960387,0.03336068242788315,0.012146922759711742
best_test,min_sep_D_bin=4,12,12,4,4,0.018408407690003514,0.008360771927982569,-0.010047635762020946,54.58177551922215,0.02338291145861149,0.009070399217307568
best_test,nn_dispersion_bin=1,36,36,12,12,0.019087699759337638,0.010504774438838163,-0.008582925320499474,44.965739343740125,0.030497640371322632,0.01385548710823059
best_test,nn_dispersion_bin=2,6,6,2,2,0.018523538019508123,0.010720052290707827,-0.007803485728800297,42.1274041739868,0.0220037791877985,0.012333767488598824
best_test,nn_dispersion_bin=3,30,30,10,10,0.01952473260462284,0.010916822714110215,-0.008607909890512626,44.08721012893434,0.03336068242788315,0.012955510057508945
best_test,nn_dispersion_bin=4,18,18,6,6,0.017793635630773172,0.010439992261429628,-0.007353643369343544,41.32737975496024,0.026250367984175682,0.013535646721720695
best_test,volume_quartile=1,19,19,8,8,0.020043690590874144,0.009583222483725925,-0.01046046810714822,52.18833357920049,0.03336068242788315,0.012087073177099228
best_test,volume_quartile=2,26,26,16,16,0.018831387735330142,0.010683800917691909,-0.008147586817638233,43.265992565976944,0.030497640371322632,0.013261856511235237
best_test,volume_quartile=3,23,23,13,13,0.018713306716602783,0.010693806952432446,-0.008019499764170337,42.85453065895239,0.02704610675573349,0.01385548710823059
best_test,volume_quartile=4,22,22,8,8,0.01833970827812498,0.011459051123396917,-0.006880657154728064,37.51781135436648,0.02311556413769722,0.012606734409928322
